Id,Label
1,10
2,9
3,12
4,24
5,56
6,36
7,72
8,9
9,18
10,8
11,7
12,10
13,0
14,0
15,8
16,81
17,13
18,13
19,0
20,0
21,11
22,3
23,16
24,4
25,3
26,12
27,32
28,2
29,4
30,0
31,1
32,1
33,3
34,56
35,24
36,0
37,7
38,0
39,11
40,20
41,4
42,1
43,27
44,4
45,11
46,3
47,7
48,5
49,12
50,11
51,63
52,27
53,20
54,6
55,15
56,11
57,11
58,7
59,0
60,5
61,15
62,9
63,72
64,81
65,8
66,21
67,45
68,11
69,9
70,12
71,24
72,40
73,72
74,2
75,4
76,12
77,0
78,30
79,8
80,12
81,6
82,0
83,54
84,10
85,13
86,18
87,36
88,30
89,11
90,24
91,0
92,32
93,18
94,1
95,2
96,27
97,9
98,10
99,9
100,0
101,0
102,20
103,11
104,5
105,6
106,16
107,8
108,12
109,9
110,13
111,15
112,6
113,9
114,13
115,32
116,49
117,9
118,14
119,63
120,6
121,72
122,0
123,9
124,5
125,3
126,0
127,0
128,9
129,6
130,0
131,5
132,12
133,30
134,63
135,7
136,21
137,5
138,10
139,5
140,11
141,16
142,8
143,6
144,8
145,1
146,4
147,0
148,45
149,12
150,0
151,17
152,8
153,6
154,6
155,27
156,9
157,3
158,42
159,0
160,10
161,36
162,0
163,10
164,0
165,11
166,17
167,9
168,45
169,5
170,11
171,11
172,11
173,4
174,27
175,11
176,4
177,9
178,11
179,32
180,12
181,9
182,63
183,8
184,63
185,11
186,4
187,11
188,28
189,9
190,5
191,0
192,6
193,21
194,64
195,9
196,30
197,0
198,13
199,15
200,9
201,0
202,0
203,14
204,11
205,63
206,27
207,9
208,24
209,10
210,12
211,12
212,9
213,0
214,7
215,36
216,48
217,0
218,64
219,0
220,21
221,17
222,21
223,0
224,6
225,0
226,48
227,5
228,12
229,35
230,63
231,11
232,9
233,9
234,21
235,81
236,48
237,17
238,13
239,49
240,12
241,14
242,15
243,56
244,48
245,0
246,0
247,9
248,15
249,14
250,1
251,0
252,0
253,11
254,10
255,14
256,12
257,24
258,24
259,8
260,21
261,0
262,36
263,15
264,11
265,27
266,56
267,4
268,9
269,6
270,0
271,14
272,16
273,15
274,8
275,6
276,11
277,9
278,10
279,9
280,3
281,0
282,0
283,3
284,10
285,14
286,9
287,21
288,35
289,18
290,12
291,4
292,17
293,9
294,15
295,28
296,20
297,54
298,6
299,10
300,6
301,12
302,11
303,14
304,10
305,4
306,6
307,5
308,4
309,12
310,8
311,21
312,9
313,6
314,6
315,16
316,7
317,0
318,0
319,0
320,9
321,0
322,7
323,6
324,36
325,36
326,5
327,0
328,12
329,6
330,7
331,12
332,12
333,8
334,3
335,20
336,16
337,3
338,56
339,27
340,30
341,9
342,12
343,0
344,21
345,7
346,12
347,10
348,4
349,0
350,1
351,9
352,0
353,0
354,54
355,9
356,16
357,3
358,13
359,45
360,0
361,3
362,14
363,5
364,72
365,10
366,14
367,0
368,27
369,6
370,3
371,0
372,30
373,14
374,0
375,11
376,5
377,16
378,5
379,15
380,0
381,64
382,10
383,6
384,11
385,45
386,6
387,24
388,10
389,5
390,3
391,81
392,0
393,5
394,0
395,0
396,16
397,28
398,9
399,4
400,9
401,21
402,3
403,24
404,15
405,0
406,63
407,9
408,15
409,11
410,1
411,14
412,11
413,24
414,8
415,9
416,4
417,18
418,35
419,7
420,12
421,8
422,0
423,3
424,8
425,8
426,0
427,7
428,32
429,0
430,18
431,4
432,0
433,11
434,0
435,16
436,3
437,6
438,54
439,11
440,9
441,24
442,9
443,36
444,9
445,20
446,5
447,11
448,24
449,0
450,0
451,10
452,0
453,35
454,5
455,48
456,56
457,12
458,0
459,0
460,21
461,0
462,3
463,13
464,16
465,32
466,63
467,16
468,24
469,6
470,18
471,9
472,6
473,11
474,8
475,8
476,42
477,10
478,4
479,48
480,72
481,10
482,12
483,8
484,3
485,7
486,9
487,13
488,6
489,15
490,11
491,4
492,10
493,11
494,12
495,6
496,45
497,10
498,6
499,9
500,6
501,72
502,12
503,10
504,36
505,11
506,10
507,24
508,12
509,0
510,0
511,10
512,27
513,0
514,54
515,7
516,27
517,2
518,21
519,6
520,6
521,9
522,32
523,9
524,0
525,0
526,2
527,15
528,3
529,0
530,0
531,11
532,14
533,9
534,10
535,28
536,9
537,6
538,3
539,11
540,18
541,30
542,11
543,24
544,9
545,9
546,0
547,12
548,40
549,0
550,9
551,9
552,9
553,18
554,8
555,3
556,9
557,21
558,12
559,20
560,0
561,12
562,36
563,45
564,7
565,12
566,0
567,9
568,7
569,7
570,24
571,28
572,0
573,9
574,11
575,8
576,8
577,0
578,3
579,5
580,0
581,15
582,0
583,8
584,63
585,9
586,14
587,4
588,35
589,13
590,4
591,4
592,16
593,3
594,18
595,0
596,0
597,12
598,0
599,6
600,0
601,9
602,12
603,5
604,64
605,13
606,48
607,14
608,42
609,3
610,9
611,3
612,18
613,4
614,12
615,0
616,9
617,12
618,12
619,11
620,45
621,10
622,49
623,2
624,14
625,6
626,54
627,12
628,45
629,4
630,8
631,0
632,0
633,8
634,9
635,12
636,2
637,10
638,32
639,8
640,8
641,0
642,27
643,9
644,7
645,6
646,8
647,8
648,16
649,11
650,10
651,13
652,0
653,9
654,20
655,27
656,9
657,14
658,15
659,9
660,10
661,0
662,11
663,11
664,7
665,12
666,11
667,27
668,10
669,9
670,13
671,6
672,32
673,9
674,1
675,0
676,0
677,10
678,27
679,12
680,9
681,9
682,0
683,40
684,14
685,1
686,5
687,9
688,11
689,6
690,8
691,12
692,20
693,11
694,0
695,6
696,30
697,10
698,35
699,9
700,11
701,4
702,0
703,0
704,6
705,4
706,12
707,63
708,6
709,27
710,11
711,14
712,30
713,2
714,8
715,0
716,14
717,16
718,10
719,7
720,9
721,10
722,9
723,2
724,8
725,18
726,12
727,6
728,7
729,2
730,20
731,17
732,10
733,49
734,0
735,0
736,5
737,9
738,20
739,28
740,0
741,9
742,4
743,21
744,11
745,15
746,9
747,20
748,6
749,0
750,10
751,0
752,10
753,12
754,3
755,8
756,35
757,0
758,0
759,4
760,12
761,35
762,5
763,9
764,72
765,15
766,13
767,15
768,36
769,15
770,9
771,30
772,10
773,10
774,8
775,9
776,0
777,0
778,6
779,81
780,8
781,13
782,16
783,21
784,0
785,13
786,7
787,48
788,7
789,17
790,12
791,20
792,13
793,16
794,45
795,6
796,12
797,7
798,11
799,4
800,7
801,14
802,27
803,1
804,3
805,27
806,11
807,9
808,7
809,35
810,45
811,7
812,28
813,18
814,3
815,30
816,3
817,5
818,48
819,9
820,16
821,0
822,8
823,8
824,18
825,10
826,0
827,11
828,12
829,10
830,54
831,14
832,36
833,32
834,8
835,10
836,6
837,20
838,18
839,14
840,8
841,63
842,11
843,11
844,6
845,8
846,12
847,17
848,16
849,6
850,3
851,24
852,27
853,9
854,20
855,12
856,13
857,11
858,15
859,27
860,2
861,27
862,13
863,10
864,0
865,72
866,18
867,9
868,54
869,63
870,63
871,2
872,3
873,72
874,6
875,0
876,35
877,14
878,6
879,12
880,16
881,35
882,0
883,10
884,0
885,6
886,10
887,9
888,12
889,14
890,24
891,49
892,49
893,14
894,4
895,4
896,20
897,16
898,11
899,21
900,0
901,8
902,12
903,9
904,11
905,35
906,1
907,9
908,16
909,8
910,11
911,13
912,7
913,72
914,12
915,11
916,9
917,13
918,81
919,9
920,10
921,0
922,14
923,32
924,0
925,3
926,30
927,9
928,63
929,0
930,0
931,13
932,16
933,0
934,11
935,12
936,0
937,3
938,24
939,45
940,3
941,81
942,45
943,0
944,12
945,11
946,10
947,32
948,15
949,0
950,24
951,6
952,10
953,5
954,56
955,4
956,9
957,10
958,10
959,11
960,24
961,40
962,16
963,3
964,9
965,15
966,32
967,0
968,6
969,0
970,21
971,3
972,8
973,7
974,12
975,11
976,8
977,9
978,6
979,0
980,10
981,35
982,72
983,11
984,9
985,15
986,13
987,9
988,49
989,8
990,6
991,10
992,6
993,0
994,48
995,8
996,12
997,81
998,10
999,4
1000,0
1001,48
1002,0
1003,9
1004,6
1005,64
1006,10
1007,7
1008,12
1009,4
1010,4
1011,0
1012,32
1013,16
1014,9
1015,12
1016,8
1017,11
1018,24
1019,45
1020,6
1021,9
1022,10
1023,49
1024,0
1025,18
1026,81
1027,11
1028,7
1029,10
1030,8
1031,11
1032,2
1033,9
1034,56
1035,0
1036,24
1037,21
1038,32
1039,8
1040,3
1041,2
1042,3
1043,4
1044,16
1045,12
1046,27
1047,63
1048,0
1049,5
1050,7
1051,12
1052,72
1053,6
1054,0
1055,6
1056,2
1057,12
1058,9
1059,0
1060,36
1061,3
1062,0
1063,32
1064,18
1065,13
1066,12
1067,13
1068,6
1069,0
1070,7
1071,3
1072,9
1073,0
1074,12
1075,35
1076,0
1077,0
1078,1
1079,4
1080,11
1081,7
1082,0
1083,12
1084,7
1085,12
1086,6
1087,16
1088,63
1089,12
1090,7
1091,9
1092,6
1093,5
1094,11
1095,9
1096,11
1097,12
1098,10
1099,8
1100,27
1101,10
1102,6
1103,12
1104,36
1105,32
1106,32
1107,12
1108,3
1109,27
1110,0
1111,10
1112,14
1113,72
1114,18
1115,54
1116,72
1117,3
1118,12
1119,11
1120,13
1121,13
1122,49
1123,5
1124,24
1125,12
1126,0
1127,4
1128,7
1129,0
1130,9
1131,18
1132,0
1133,6
1134,11
1135,14
1136,1
1137,12
1138,0
1139,10
1140,10
1141,6
1142,12
1143,42
1144,63
1145,15
1146,4
1147,12
1148,0
1149,20
1150,11
1151,48
1152,4
1153,0
1154,0
1155,0
1156,32
1157,12
1158,8
1159,11
1160,14
1161,10
1162,9
1163,13
1164,0
1165,10
1166,5
1167,14
1168,81
1169,42
1170,7
1171,42
1172,3
1173,72
1174,15
1175,0
1176,4
1177,9
1178,11
1179,14
1180,14
1181,12
1182,12
1183,15
1184,28
1185,32
1186,2
1187,8
1188,9
1189,9
1190,1
1191,2
1192,13
1193,12
1194,56
1195,9
1196,25
1197,13
1198,12
1199,7
1200,12
1201,10
1202,11
1203,0
1204,9
1205,3
1206,1
1207,0
1208,10
1209,7
1210,8
1211,42
1212,10
1213,10
1214,0
1215,24
1216,18
1217,42
1218,15
1219,63
1220,7
1221,0
1222,3
1223,0
1224,10
1225,45
1226,6
1227,1
1228,14
1229,0
1230,11
1231,8
1232,14
1233,0
1234,12
1235,15
1236,6
1237,8
1238,11
1239,11
1240,9
1241,6
1242,9
1243,12
1244,4
1245,9
1246,3
1247,0
1248,3
1249,12
1250,10
1251,21
1252,10
1253,0
1254,12
1255,27
1256,9
1257,1
1258,45
1259,9
1260,12
1261,8
1262,14
1263,35
1264,0
1265,0
1266,3
1267,36
1268,9
1269,12
1270,40
1271,20
1272,30
1273,8
1274,10
1275,13
1276,10
1277,32
1278,21
1279,16
1280,11
1281,3
1282,21
1283,0
1284,1
1285,4
1286,10
1287,11
1288,6
1289,0
1290,4
1291,21
1292,9
1293,3
1294,10
1295,12
1296,9
1297,14
1298,6
1299,28
1300,10
1301,42
1302,56
1303,9
1304,6
1305,9
1306,9
1307,10
1308,45
1309,6
1310,42
1311,45
1312,14
1313,6
1314,42
1315,10
1316,4
1317,4
1318,0
1319,13
1320,10
1321,24
1322,0
1323,15
1324,24
1325,12
1326,4
1327,0
1328,9
1329,30
1330,5
1331,15
1332,8
1333,3
1334,24
1335,11
1336,10
1337,6
1338,0
1339,16
1340,6
1341,32
1342,0
1343,8
1344,0
1345,9
1346,0
1347,7
1348,13
1349,24
1350,9
1351,10
1352,16
1353,10
1354,3
1355,0
1356,5
1357,7
1358,10
1359,45
1360,5
1361,6
1362,20
1363,0
1364,24
1365,5
1366,6
1367,6
1368,11
1369,56
1370,49
1371,10
1372,0
1373,18
1374,24
1375,15
1376,3
1377,3
1378,12
1379,9
1380,9
1381,13
1382,14
1383,54
1384,10
1385,63
1386,12
1387,5
1388,9
1389,9
1390,35
1391,27
1392,42
1393,42
1394,6
1395,30
1396,15
1397,1
1398,18
1399,25
1400,0
1401,0
1402,2
1403,35
1404,48
1405,7
1406,6
1407,7
1408,15
1409,9
1410,2
1411,9
1412,40
1413,10
1414,8
1415,10
1416,63
1417,12
1418,12
1419,6
1420,1
1421,24
1422,0
1423,9
1424,9
1425,63
1426,17
1427,12
1428,6
1429,5
1430,3
1431,0
1432,0
1433,8
1434,0
1435,9
1436,5
1437,35
1438,30
1439,6
1440,16
1441,15
1442,24
1443,0
1444,0
1445,72
1446,63
1447,15
1448,15
1449,9
1450,35
1451,5
1452,13
1453,24
1454,0
1455,17
1456,36
1457,54
1458,7
1459,72
1460,15
1461,42
1462,9
1463,8
1464,0
1465,10
1466,10
1467,12
1468,1
1469,16
1470,20
1471,15
1472,35
1473,8
1474,3
1475,6
1476,2
1477,11
1478,72
1479,16
1480,1
1481,11
1482,10
1483,12
1484,15
1485,2
1486,4
1487,4
1488,12
1489,14
1490,12
1491,72
1492,0
1493,10
1494,12
1495,12
1496,5
1497,24
1498,20
1499,10
1500,4
1501,0
1502,0
1503,12
1504,12
1505,0
1506,9
1507,4
1508,8
1509,0
1510,9
1511,63
1512,14
1513,11
1514,3
1515,9
1516,10
1517,8
1518,9
1519,30
1520,7
1521,0
1522,3
1523,36
1524,9
1525,0
1526,0
1527,13
1528,20
1529,9
1530,8
1531,11
1532,8
1533,9
1534,16
1535,10
1536,9
1537,20
1538,24
1539,3
1540,63
1541,8
1542,12
1543,0
1544,27
1545,1
1546,16
1547,18
1548,36
1549,27
1550,16
1551,4
1552,0
1553,10
1554,9
1555,0
1556,0
1557,8
1558,14
1559,7
1560,6
1561,8
1562,10
1563,24
1564,21
1565,9
1566,28
1567,6
1568,9
1569,7
1570,24
1571,4
1572,28
1573,12
1574,24
1575,15
1576,3
1577,13
1578,4
1579,54
1580,72
1581,0
1582,72
1583,6
1584,9
1585,40
1586,16
1587,9
1588,10
1589,12
1590,0
1591,9
1592,9
1593,11
1594,0
1595,24
1596,8
1597,4
1598,0
1599,8
1600,45
1601,48
1602,0
1603,11
1604,6
1605,48
1606,9
1607,7
1608,9
1609,8
1610,72
1611,6
1612,35
1613,17
1614,7
1615,27
1616,0
1617,11
1618,6
1619,6
1620,7
1621,12
1622,63
1623,10
1624,2
1625,0
1626,4
1627,6
1628,48
1629,30
1630,9
1631,17
1632,0
1633,0
1634,3
1635,35
1636,6
1637,9
1638,7
1639,12
1640,27
1641,0
1642,0
1643,15
1644,9
1645,6
1646,14
1647,10
1648,21
1649,30
1650,8
1651,3
1652,18
1653,2
1654,12
1655,9
1656,15
1657,7
1658,3
1659,9
1660,0
1661,2
1662,28
1663,2
1664,32
1665,16
1666,30
1667,12
1668,15
1669,0
1670,11
1671,10
1672,35
1673,12
1674,32
1675,27
1676,5
1677,15
1678,9
1679,10
1680,14
1681,45
1682,11
1683,7
1684,11
1685,13
1686,6
1687,0
1688,13
1689,0
1690,27
1691,27
1692,56
1693,4
1694,7
1695,15
1696,8
1697,10
1698,4
1699,13
1700,7
1701,4
1702,6
1703,30
1704,7
1705,11
1706,14
1707,15
1708,3
1709,11
1710,45
1711,12
1712,7
1713,12
1714,49
1715,9
1716,56
1717,81
1718,13
1719,4
1720,16
1721,6
1722,27
1723,9
1724,3
1725,49
1726,12
1727,0
1728,16
1729,0
1730,10
1731,81
1732,42
1733,42
1734,2
1735,7
1736,32
1737,54
1738,54
1739,42
1740,0
1741,21
1742,11
1743,0
1744,0
1745,8
1746,14
1747,18
1748,12
1749,3
1750,0
1751,3
1752,7
1753,3
1754,8
1755,3
1756,36
1757,0
1758,9
1759,9
1760,9
1761,11
1762,14
1763,12
1764,24
1765,1
1766,14
1767,18
1768,24
1769,7
1770,30
1771,1
1772,12
1773,5
1774,0
1775,11
1776,16
1777,20
1778,0
1779,64
1780,2
1781,13
1782,54
1783,10
1784,30
1785,3
1786,0
1787,0
1788,14
1789,6
1790,2
1791,8
1792,13
1793,24
1794,32
1795,8
1796,6
1797,81
1798,3
1799,81
1800,35
1801,6
1802,24
1803,30
1804,8
1805,14
1806,6
1807,27
1808,18
1809,9
1810,30
1811,0
1812,4
1813,24
1814,16
1815,24
1816,16
1817,42
1818,11
1819,6
1820,0
1821,4
1822,13
1823,36
1824,6
1825,0
1826,5
1827,8
1828,9
1829,0
1830,15
1831,42
1832,0
1833,7
1834,4
1835,0
1836,4
1837,21
1838,21
1839,10
1840,42
1841,16
1842,72
1843,9
1844,8
1845,0
1846,9
1847,27
1848,5
1849,28
1850,0
1851,40
1852,10
1853,12
1854,54
1855,12
1856,11
1857,8
1858,30
1859,8
1860,8
1861,12
1862,8
1863,20
1864,8
1865,16
1866,11
1867,5
1868,4
1869,56
1870,4
1871,10
1872,48
1873,13
1874,8
1875,11
1876,13
1877,15
1878,72
1879,11
1880,11
1881,0
1882,3
1883,48
1884,45
1885,0
1886,10
1887,14
1888,17
1889,0
1890,0
1891,0
1892,0
1893,6
1894,6
1895,5
1896,45
1897,11
1898,12
1899,21
1900,2
1901,9
1902,4
1903,8
1904,30
1905,36
1906,0
1907,15
1908,25
1909,18
1910,63
1911,16
1912,3
1913,36
1914,54
1915,7
1916,9
1917,17
1918,3
1919,56
1920,7
1921,9
1922,7
1923,49
1924,10
1925,16
1926,16
1927,12
1928,49
1929,11
1930,9
1931,11
1932,12
1933,7
1934,56
1935,0
1936,28
1937,7
1938,9
1939,8
1940,18
1941,5
1942,15
1943,4
1944,11
1945,4
1946,6
1947,25
1948,21
1949,17
1950,24
1951,9
1952,0
1953,9
1954,27
1955,9
1956,40
1957,14
1958,25
1959,3
1960,30
1961,0
1962,18
1963,27
1964,14
1965,16
1966,12
1967,12
1968,28
1969,32
1970,40
1971,54
1972,9
1973,7
1974,9
1975,12
1976,11
1977,6
1978,10
1979,8
1980,12
1981,0
1982,9
1983,9
1984,8
1985,6
1986,9
1987,8
1988,54
1989,5
1990,42
1991,63
1992,4
1993,12
1994,0
1995,7
1996,7
1997,0
1998,0
1999,10
2000,4
2001,0
2002,14
2003,0
2004,10
2005,5
2006,3
2007,81
2008,11
2009,14
2010,9
2011,10
2012,10
2013,6
2014,36
2015,11
2016,0
2017,9
2018,0
2019,15
2020,6
2021,8
2022,1
2023,18
2024,11
2025,0
2026,7
2027,32
2028,11
2029,10
2030,12
2031,16
2032,9
2033,24
2034,9
2035,35
2036,9
2037,0
2038,8
2039,12
2040,8
2041,17
2042,8
2043,54
2044,9
2045,6
2046,1
2047,2
2048,9
2049,0
2050,45
2051,4
2052,6
2053,28
2054,2
2055,12
2056,15
2057,0
2058,6
2059,28
2060,24
2061,12
2062,0
2063,36
2064,0
2065,4
2066,12
2067,18
2068,0
2069,12
2070,42
2071,13
2072,4
2073,0
2074,63
2075,7
2076,9
2077,10
2078,0
2079,21
2080,9
2081,0
2082,5
2083,45
2084,4
2085,40
2086,56
2087,9
2088,16
2089,63
2090,63
2091,6
2092,17
2093,36
2094,0
2095,13
2096,9
2097,12
2098,9
2099,0
2100,8
2101,18
2102,11
2103,0
2104,15
2105,0
2106,8
2107,21
2108,81
2109,6
2110,36
2111,12
2112,27
2113,14
2114,12
2115,63
2116,36
2117,63
2118,12
2119,7
2120,27
2121,54
2122,36
2123,5
2124,5
2125,15
2126,72
2127,0
2128,32
2129,0
2130,12
2131,8
2132,27
2133,36
2134,12
2135,0
2136,11
2137,12
2138,9
2139,15
2140,9
2141,0
2142,10
2143,8
2144,18
2145,8
2146,18
2147,13
2148,27
2149,24
2150,12
2151,5
2152,16
2153,16
2154,14
2155,14
2156,8
2157,12
2158,12
2159,0
2160,35
2161,20
2162,16
2163,28
2164,0
2165,8
2166,8
2167,7
2168,10
2169,15
2170,0
2171,24
2172,35
2173,42
2174,8
2175,7
2176,36
2177,24
2178,27
2179,1
2180,15
2181,0
2182,3
2183,3
2184,12
2185,11
2186,0
2187,24
2188,48
2189,3
2190,12
2191,36
2192,15
2193,24
2194,0
2195,0
2196,63
2197,13
2198,0
2199,12
2200,15
2201,27
2202,27
2203,16
2204,2
2205,12
2206,64
2207,13
2208,15
2209,0
2210,5
2211,15
2212,36
2213,1
2214,9
2215,5
2216,49
2217,0
2218,64
2219,7
2220,14
2221,9
2222,15
2223,12
2224,4
2225,63
2226,10
2227,30
2228,9
2229,12
2230,13
2231,21
2232,0
2233,13
2234,5
2235,24
2236,2
2237,6
2238,2
2239,9
2240,10
2241,11
2242,4
2243,25
2244,0
2245,7
2246,3
2247,16
2248,2
2249,5
2250,32
2251,12
2252,28
2253,13
2254,18
2255,13
2256,40
2257,0
2258,12
2259,15
2260,3
2261,0
2262,0
2263,24
2264,21
2265,2
2266,27
2267,12
2268,0
2269,7
2270,12
2271,4
2272,6
2273,48
2274,14
2275,72
2276,12
2277,10
2278,30
2279,7
2280,7
2281,7
2282,6
2283,13
2284,9
2285,12
2286,6
2287,0
2288,5
2289,72
2290,2
2291,8
2292,3
2293,21
2294,6
2295,5
2296,14
2297,0
2298,8
2299,15
2300,1
2301,18
2302,16
2303,11
2304,4
2305,4
2306,15
2307,3
2308,10
2309,8
2310,9
2311,28
2312,0
2313,12
2314,4
2315,0
2316,10
2317,16
2318,4
2319,15
2320,9
2321,1
2322,5
2323,14
2324,21
2325,0
2326,12
2327,11
2328,12
2329,5
2330,6
2331,12
2332,5
2333,6
2334,7
2335,1
2336,5
2337,0
2338,12
2339,9
2340,6
2341,36
2342,12
2343,7
2344,45
2345,0
2346,3
2347,12
2348,11
2349,7
2350,49
2351,6
2352,9
2353,24
2354,54
2355,40
2356,7
2357,7
2358,28
2359,0
2360,0
2361,36
2362,45
2363,35
2364,0
2365,8
2366,8
2367,0
2368,7
2369,2
2370,27
2371,12
2372,0
2373,7
2374,11
2375,5
2376,0
2377,9
2378,81
2379,9
2380,0
2381,0
2382,3
2383,18
2384,9
2385,18
2386,2
2387,27
2388,9
2389,12
2390,17
2391,0
2392,9
2393,7
2394,81
2395,11
2396,17
2397,2
2398,15
2399,4
2400,11
2401,21
2402,3
2403,2
2404,0
2405,0
2406,5
2407,13
2408,12
2409,0
2410,0
2411,10
2412,8
2413,0
2414,10
2415,36
2416,5
2417,12
2418,13
2419,7
2420,9
2421,63
2422,6
2423,16
2424,1
2425,15
2426,2
2427,7
2428,15
2429,40
2430,45
2431,0
2432,3
2433,9
2434,35
2435,13
2436,24
2437,0
2438,28
2439,30
2440,12
2441,4
2442,16
2443,11
2444,12
2445,11
2446,35
2447,9
2448,7
2449,0
2450,0
2451,3
2452,54
2453,16
2454,7
2455,20
2456,6
2457,9
2458,10
2459,0
2460,7
2461,54
2462,9
2463,20
2464,7
2465,13
2466,9
2467,64
2468,12
2469,5
2470,11
2471,9
2472,5
2473,0
2474,9
2475,9
2476,36
2477,36
2478,12
2479,10
2480,9
2481,81
2482,4
2483,10
2484,56
2485,7
2486,45
2487,15
2488,10
2489,14
2490,9
2491,11
2492,0
2493,15
2494,12
2495,0
2496,20
2497,3
2498,12
2499,32
2500,0
2501,11
2502,32
2503,27
2504,8
2505,12
2506,6
2507,63
2508,63
2509,0
2510,11
2511,14
2512,5
2513,12
2514,7
2515,21
2516,9
2517,12
2518,6
2519,24
2520,2
2521,45
2522,0
2523,0
2524,63
2525,7
2526,10
2527,24
2528,72
2529,72
2530,11
2531,15
2532,9
2533,11
2534,0
2535,28
2536,0
2537,17
2538,8
2539,0
2540,8
2541,0
2542,12
2543,81
2544,0
2545,10
2546,0
2547,10
2548,3
2549,35
2550,8
2551,17
2552,32
2553,15
2554,24
2555,13
2556,8
2557,9
2558,3
2559,12
2560,21
2561,16
2562,56
2563,28
2564,11
2565,11
2566,6
2567,0
2568,24
2569,9
2570,0
2571,5
2572,45
2573,8
2574,81
2575,1
2576,11
2577,24
2578,8
2579,3
2580,0
2581,30
2582,35
2583,13
2584,4
2585,6
2586,15
2587,7
2588,9
2589,9
2590,18
2591,11
2592,48
2593,0
2594,32
2595,9
2596,81
2597,10
2598,0
2599,0
2600,18
2601,40
2602,7
2603,9
2604,6
2605,16
2606,21
2607,0
2608,9
2609,2
2610,4
2611,2
2612,10
2613,6
2614,6
2615,10
2616,0
2617,9
2618,6
2619,72
2620,12
2621,72
2622,4
2623,36
2624,0
2625,15
2626,0
2627,8
2628,8
2629,64
2630,0
2631,35
2632,9
2633,12
2634,0
2635,0
2636,16
2637,4
2638,17
2639,0
2640,5
2641,3
2642,14
2643,21
2644,3
2645,21
2646,63
2647,0
2648,30
2649,6
2650,28
2651,32
2652,0
2653,7
2654,4
2655,14
2656,7
2657,0
2658,9
2659,8
2660,10
2661,16
2662,64
2663,24
2664,0
2665,12
2666,13
2667,8
2668,9
2669,14
2670,12
2671,14
2672,0
2673,0
2674,9
2675,14
2676,0
2677,0
2678,12
2679,11
2680,56
2681,12
2682,0
2683,24
2684,0
2685,11
2686,8
2687,0
2688,11
2689,72
2690,2
2691,5
2692,6
2693,12
2694,12
2695,35
2696,0
2697,5
2698,18
2699,63
2700,4
2701,2
2702,13
2703,15
2704,9
2705,9
2706,4
2707,45
2708,0
2709,0
2710,5
2711,36
2712,11
2713,10
2714,36
2715,18
2716,9
2717,49
2718,16
2719,5
2720,12
2721,54
2722,9
2723,0
2724,27
2725,6
2726,72
2727,0
2728,9
2729,0
2730,9
2731,8
2732,6
2733,64
2734,12
2735,11
2736,0
2737,48
2738,8
2739,9
2740,0
2741,42
2742,12
2743,8
2744,8
2745,2
2746,18
2747,6
2748,0
2749,18
2750,32
2751,10
2752,21
2753,3
2754,36
2755,21
2756,12
2757,30
2758,6
2759,12
2760,27
2761,6
2762,12
2763,6
2764,9
2765,10
2766,13
2767,9
2768,24
2769,3
2770,12
2771,24
2772,6
2773,15
2774,10
2775,9
2776,10
2777,0
2778,21
2779,20
2780,21
2781,5
2782,3
2783,9
2784,40
2785,5
2786,11
2787,0
2788,0
2789,4
2790,9
2791,15
2792,9
2793,30
2794,17
2795,24
2796,8
2797,15
2798,54
2799,9
2800,0
2801,14
2802,0
2803,9
2804,15
2805,0
2806,0
2807,21
2808,9
2809,8
2810,28
2811,6
2812,3
2813,4
2814,9
2815,11
2816,72
2817,7
2818,81
2819,0
2820,0
2821,63
2822,16
2823,0
2824,25
2825,16
2826,5
2827,18
2828,4
2829,11
2830,9
2831,10
2832,1
2833,7
2834,30
2835,4
2836,0
2837,9
2838,0
2839,40
2840,36
2841,45
2842,24
2843,9
2844,2
2845,16
2846,11
2847,42
2848,15
2849,16
2850,63
2851,16
2852,8
2853,24
2854,10
2855,21
2856,27
2857,24
2858,5
2859,28
2860,5
2861,0
2862,20
2863,10
2864,14
2865,9
2866,11
2867,56
2868,7
2869,45
2870,12
2871,12
2872,20
2873,32
2874,9
2875,7
2876,5
2877,3
2878,12
2879,8
2880,3
2881,9
2882,9
2883,9
2884,32
2885,13
2886,0
2887,4
2888,7
2889,3
2890,8
2891,10
2892,11
2893,42
2894,56
2895,14
2896,0
2897,11
2898,0
2899,14
2900,10
2901,8
2902,9
2903,11
2904,40
2905,1
2906,17
2907,0
2908,9
2909,72
2910,0
2911,11
2912,14
2913,30
2914,5
2915,11
2916,0
2917,63
2918,4
2919,7
2920,11
2921,18
2922,6
2923,30
2924,1
2925,5
2926,4
2927,11
2928,9
2929,16
2930,9
2931,9
2932,0
2933,4
2934,27
2935,17
2936,12
2937,0
2938,7
2939,15
2940,16
2941,63
2942,8
2943,32
2944,12
2945,8
2946,0
2947,10
2948,11
2949,0
2950,9
2951,13
2952,28
2953,7
2954,14
2955,0
2956,30
2957,3
2958,11
2959,0
2960,2
2961,12
2962,9
2963,0
2964,3
2965,8
2966,10
2967,12
2968,14
2969,9
2970,13
2971,12
2972,35
2973,35
2974,11
2975,15
2976,6
2977,6
2978,9
2979,18
2980,15
2981,3
2982,21
2983,64
2984,72
2985,8
2986,56
2987,6
2988,32
2989,12
2990,5
2991,72
2992,7
2993,13
2994,7
2995,32
2996,81
2997,81
2998,10
2999,11
3000,11
3001,30
3002,10
3003,16
3004,0
3005,1
3006,0
3007,18
3008,25
3009,36
3010,0
3011,13
3012,0
3013,7
3014,7
3015,0
3016,16
3017,0
3018,7
3019,0
3020,13
3021,8
3022,0
3023,0
3024,10
3025,8
3026,3
3027,12
3028,35
3029,0
3030,6
3031,7
3032,7
3033,0
3034,10
3035,12
3036,0
3037,5
3038,0
3039,27
3040,30
3041,14
3042,7
3043,8
3044,8
3045,2
3046,0
3047,6
3048,0
3049,0
3050,0
3051,56
3052,0
3053,9
3054,9
3055,40
3056,4
3057,16
3058,9
3059,17
3060,8
3061,12
3062,9
3063,6
3064,0
3065,16
3066,0
3067,14
3068,12
3069,24
3070,21
3071,16
3072,5
3073,16
3074,9
3075,11
3076,21
3077,63
3078,24
3079,6
3080,18
3081,9
3082,13
3083,0
3084,2
3085,10
3086,11
3087,11
3088,27
3089,12
3090,6
3091,0
3092,0
3093,21
3094,9
3095,8
3096,9
3097,13
3098,9
3099,16
3100,0
3101,12
3102,12
3103,0
3104,12
3105,3
3106,40
3107,35
3108,48
3109,11
3110,9
3111,6
3112,6
3113,0
3114,9
3115,0
3116,20
3117,4
3118,6
3119,28
3120,10
3121,11
3122,24
3123,1
3124,32
3125,0
3126,14
3127,7
3128,15
3129,18
3130,10
3131,12
3132,72
3133,8
3134,8
3135,12
3136,4
3137,8
3138,4
3139,7
3140,18
3141,10
3142,36
3143,0
3144,0
3145,7
3146,0
3147,10
3148,11
3149,36
3150,6
3151,11
3152,13
3153,4
3154,16
3155,3
3156,9
3157,0
3158,0
3159,5
3160,6
3161,14
3162,9
3163,5
3164,21
3165,21
3166,42
3167,15
3168,18
3169,9
3170,7
3171,3
3172,10
3173,7
3174,9
3175,72
3176,63
3177,12
3178,7
3179,9
3180,21
3181,28
3182,15
3183,54
3184,6
3185,4
3186,24
3187,0
3188,32
3189,27
3190,0
3191,8
3192,11
3193,21
3194,12
3195,25
3196,10
3197,3
3198,63
3199,11
3200,0
3201,9
3202,0
3203,63
3204,0
3205,49
3206,12
3207,11
3208,11
3209,3
3210,11
3211,11
3212,56
3213,14
3214,2
3215,36
3216,5
3217,0
3218,9
3219,10
3220,0
3221,35
3222,81
3223,0
3224,8
3225,0
3226,14
3227,21
3228,9
3229,0
3230,12
3231,6
3232,0
3233,36
3234,12
3235,14
3236,5
3237,1
3238,15
3239,28
3240,64
3241,0
3242,13
3243,0
3244,0
3245,36
3246,9
3247,0
3248,0
3249,9
3250,12
3251,9
3252,21
3253,12
3254,10
3255,6
3256,11
3257,8
3258,24
3259,12
3260,10
3261,10
3262,9
3263,45
3264,15
3265,30
3266,24
3267,7
3268,0
3269,15
3270,14
3271,1
3272,54
3273,8
3274,5
3275,20
3276,5
3277,11
3278,10
3279,5
3280,9
3281,9
3282,36
3283,7
3284,45
3285,24
3286,21
3287,4
3288,24
3289,0
3290,6
3291,10
3292,12
3293,3
3294,20
3295,14
3296,42
3297,0
3298,21
3299,3
3300,9
3301,11
3302,24
3303,9
3304,42
3305,24
3306,0
3307,12
3308,0
3309,48
3310,63
3311,0
3312,0
3313,15
3314,8
3315,9
3316,36
3317,0
3318,12
3319,3
3320,12
3321,7
3322,5
3323,63
3324,9
3325,17
3326,21
3327,0
3328,6
3329,0
3330,15
3331,0
3332,5
3333,8
3334,4
3335,0
3336,10
3337,21
3338,11
3339,6
3340,3
3341,0
3342,24
3343,7
3344,13
3345,9
3346,3
3347,20
3348,12
3349,0
3350,0
3351,5
3352,11
3353,7
3354,63
3355,12
3356,4
3357,9
3358,8
3359,7
3360,0
3361,8
3362,11
3363,14
3364,0
3365,56
3366,56
3367,0
3368,2
3369,5
3370,10
3371,4
3372,0
3373,12
3374,36
3375,42
3376,0
3377,21
3378,0
3379,21
3380,4
3381,0
3382,10
3383,36
3384,0
3385,0
3386,9
3387,54
3388,13
3389,11
3390,12
3391,32
3392,0
3393,10
3394,6
3395,30
3396,1
3397,5
3398,11
3399,15
3400,81
3401,16
3402,15
3403,12
3404,15
3405,8
3406,10
3407,0
3408,0
3409,8
3410,0
3411,7
3412,11
3413,5
3414,4
3415,10
3416,45
3417,9
3418,21
3419,12
3420,48
3421,15
3422,49
3423,11
3424,6
3425,81
3426,5
3427,14
3428,12
3429,42
3430,12
3431,24
3432,16
3433,0
3434,9
3435,28
3436,0
3437,10
3438,13
3439,81
3440,12
3441,81
3442,9
3443,15
3444,12
3445,0
3446,15
3447,18
3448,24
3449,18
3450,8
3451,4
3452,0
3453,16
3454,9
3455,12
3456,2
3457,0
3458,1
3459,21
3460,12
3461,20
3462,8
3463,4
3464,4
3465,12
3466,72
3467,6
3468,28
3469,0
3470,10
3471,18
3472,9
3473,4
3474,0
3475,18
3476,11
3477,36
3478,3
3479,0
3480,12
3481,81
3482,11
3483,45
3484,13
3485,3
3486,6
3487,14
3488,2
3489,9
3490,4
3491,3
3492,0
3493,15
3494,3
3495,12
3496,10
3497,0
3498,56
3499,63
3500,9
3501,3
3502,25
3503,14
3504,6
3505,13
3506,8
3507,36
3508,3
3509,7
3510,0
3511,28
3512,4
3513,13
3514,7
3515,9
3516,30
3517,0
3518,12
3519,8
3520,35
3521,5
3522,9
3523,63
3524,8
3525,0
3526,18
3527,5
3528,15
3529,4
3530,9
3531,72
3532,8
3533,9
3534,54
3535,0
3536,54
3537,0
3538,30
3539,9
3540,5
3541,14
3542,1
3543,63
3544,45
3545,0
3546,10
3547,11
3548,42
3549,4
3550,24
3551,0
3552,14
3553,30
3554,6
3555,12
3556,8
3557,3
3558,0
3559,28
3560,8
3561,9
3562,11
3563,15
3564,2
3565,10
3566,0
3567,35
3568,4
3569,0
3570,7
3571,3
3572,0
3573,9
3574,5
3575,12
3576,7
3577,8
3578,21
3579,0
3580,6
3581,1
3582,35
3583,9
3584,0
3585,0
3586,12
3587,18
3588,12
3589,10
3590,0
3591,27
3592,0
3593,36
3594,42
3595,12
3596,13
3597,14
3598,27
3599,9
3600,0
3601,8
3602,18
3603,0
3604,15
3605,9
3606,0
3607,13
3608,2
3609,6
3610,16
3611,6
3612,13
3613,11
3614,1
3615,9
3616,72
3617,12
3618,6
3619,48
3620,8
3621,0
3622,2
3623,11
3624,56
3625,3
3626,3
3627,5
3628,56
3629,35
3630,12
3631,0
3632,56
3633,18
3634,14
3635,4
3636,0
3637,5
3638,10
3639,9
3640,0
3641,0
3642,9
3643,0
3644,36
3645,32
3646,30
3647,0
3648,45
3649,17
3650,15
3651,9
3652,5
3653,9
3654,0
3655,13
3656,15
3657,0
3658,0
3659,16
3660,11
3661,11
3662,16
3663,11
3664,6
3665,8
3666,0
3667,10
3668,12
3669,0
3670,45
3671,14
3672,10
3673,27
3674,2
3675,6
3676,10
3677,12
3678,6
3679,10
3680,16
3681,35
3682,6
3683,40
3684,18
3685,0
3686,13
3687,16
3688,11
3689,14
3690,12
3691,45
3692,30
3693,10
3694,11
3695,12
3696,9
3697,0
3698,10
3699,6
3700,36
3701,3
3702,12
3703,30
3704,7
3705,8
3706,7
3707,4
3708,30
3709,14
3710,24
3711,11
3712,21
3713,2
3714,9
3715,21
3716,54
3717,16
3718,10
3719,10
3720,24
3721,9
3722,0
3723,12
3724,6
3725,9
3726,9
3727,1
3728,11
3729,0
3730,30
3731,13
3732,11
3733,20
3734,32
3735,15
3736,12
3737,13
3738,12
3739,3
3740,12
3741,12
3742,0
3743,9
3744,24
3745,14
3746,40
3747,9
3748,24
3749,9
3750,14
3751,5
3752,21
3753,11
3754,13
3755,14
3756,3
3757,11
3758,12
3759,4
3760,5
3761,9
3762,9
3763,13
3764,0
3765,12
3766,56
3767,10
3768,27
3769,9
3770,2
3771,7
3772,0
3773,10
3774,8
3775,18
3776,0
3777,64
3778,13
3779,27
3780,10
3781,10
3782,7
3783,14
3784,9
3785,0
3786,10
3787,3
3788,0
3789,32
3790,24
3791,14
3792,15
3793,11
3794,9
3795,0
3796,18
3797,11
3798,6
3799,9
3800,1
3801,17
3802,16
3803,4
3804,27
3805,42
3806,9
3807,0
3808,5
3809,3
3810,0
3811,0
3812,27
3813,30
3814,0
3815,30
3816,10
3817,0
3818,21
3819,6
3820,6
3821,5
3822,24
3823,11
3824,14
3825,45
3826,4
3827,11
3828,5
3829,28
3830,40
3831,18
3832,36
3833,6
3834,13
3835,15
3836,4
3837,0
3838,8
3839,11
3840,12
3841,9
3842,9
3843,0
3844,15
3845,16
3846,9
3847,9
3848,3
3849,9
3850,16
3851,14
3852,15
3853,12
3854,6
3855,12
3856,45
3857,11
3858,0
3859,45
3860,11
3861,12
3862,9
3863,10
3864,7
3865,2
3866,6
3867,63
3868,10
3869,21
3870,14
3871,3
3872,2
3873,8
3874,5
3875,13
3876,6
3877,12
3878,2
3879,63
3880,12
3881,4
3882,4
3883,28
3884,9
3885,12
3886,8
3887,35
3888,9
3889,16
3890,16
3891,12
3892,0
3893,9
3894,4
3895,12
3896,72
3897,12
3898,15
3899,0
3900,28
3901,13
3902,0
3903,7
3904,15
3905,3
3906,0
3907,7
3908,0
3909,27
3910,9
3911,11
3912,81
3913,11
3914,9
3915,13
3916,63
3917,12
3918,6
3919,11
3920,12
3921,10
3922,10
3923,10
3924,13
3925,11
3926,10
3927,3
3928,12
3929,0
3930,6
3931,8
3932,5
3933,5
3934,5
3935,24
3936,10
3937,11
3938,42
3939,17
3940,63
3941,16
3942,6
3943,12
3944,35
3945,0
3946,11
3947,24
3948,36
3949,0
3950,2
3951,5
3952,11
3953,10
3954,40
3955,45
3956,7
3957,8
3958,0
3959,7
3960,4
3961,0
3962,0
3963,10
3964,6
3965,0
3966,18
3967,18
3968,13
3969,10
3970,72
3971,14
3972,0
3973,12
3974,9
3975,54
3976,45
3977,9
3978,21
3979,5
3980,24
3981,0
3982,11
3983,10
3984,9
3985,13
3986,5
3987,9
3988,9
3989,56
3990,5
3991,7
3992,0
3993,15
3994,5
3995,18
3996,11
3997,24
3998,56
3999,0
4000,12
4001,10
4002,12
4003,12
4004,7
4005,1
4006,30
4007,4
4008,14
4009,24
4010,28
4011,9
4012,8
4013,4
4014,8
4015,10
4016,20
4017,24
4018,5
4019,4
4020,54
4021,17
4022,1
4023,8
4024,0
4025,9
4026,12
4027,11
4028,3
4029,14
4030,10
4031,10
4032,0
4033,12
4034,3
4035,0
4036,12
4037,8
4038,27
4039,10
4040,54
4041,3
4042,6
4043,13
4044,13
4045,9
4046,1
4047,28
4048,13
4049,8
4050,32
4051,8
4052,28
4053,0
4054,0
4055,35
4056,0
4057,35
4058,15
4059,63
4060,32
4061,6
4062,30
4063,0
4064,0
4065,24
4066,0
4067,36
4068,28
4069,7
4070,6
4071,16
4072,12
4073,32
4074,11
4075,13
4076,12
4077,6
4078,9
4079,2
4080,21
4081,6
4082,64
4083,12
4084,0
4085,35
4086,9
4087,11
4088,15
4089,18
4090,9
4091,8
4092,14
4093,4
4094,8
4095,63
4096,3
4097,2
4098,0
4099,11
4100,2
4101,9
4102,0
4103,27
4104,0
4105,2
4106,42
4107,12
4108,27
4109,28
4110,13
4111,2
4112,63
4113,7
4114,7
4115,6
4116,11
4117,12
4118,36
4119,21
4120,32
4121,18
4122,12
4123,12
4124,25
4125,15
4126,9
4127,11
4128,12
4129,56
4130,72
4131,15
4132,7
4133,56
4134,10
4135,30
4136,21
4137,20
4138,8
4139,9
4140,11
4141,63
4142,6
4143,5
4144,9
4145,1
4146,0
4147,13
4148,7
4149,24
4150,2
4151,10
4152,0
4153,48
4154,3
4155,30
4156,9
4157,72
4158,13
4159,12
4160,0
4161,6
4162,16
4163,14
4164,12
4165,0
4166,0
4167,3
4168,8
4169,0
4170,10
4171,4
4172,40
4173,9
4174,8
4175,32
4176,12
4177,10
4178,0
4179,24
4180,10
4181,15
4182,2
4183,13
4184,0
4185,0
4186,0
4187,9
4188,2
4189,12
4190,63
4191,3
4192,4
4193,10
4194,15
4195,36
4196,0
4197,8
4198,4
4199,3
4200,7
4201,6
4202,7
4203,14
4204,12
4205,0
4206,15
4207,2
4208,7
4209,64
4210,2
4211,0
4212,9
4213,54
4214,5
4215,7
4216,42
4217,9
4218,28
4219,11
4220,8
4221,27
4222,3
4223,12
4224,4
4225,40
4226,12
4227,3
4228,40
4229,10
4230,0
4231,9
4232,16
4233,17
4234,6
4235,12
4236,7
4237,72
4238,9
4239,0
4240,4
4241,11
4242,12
4243,4
4244,0
4245,72
4246,0
4247,15
4248,0
4249,63
4250,9
4251,7
4252,16
4253,9
4254,3
4255,0
4256,3
4257,6
4258,0
4259,8
4260,13
4261,14
4262,1
4263,12
4264,24
4265,10
4266,9
4267,12
4268,8
4269,6
4270,9
4271,14
4272,8
4273,32
4274,0
4275,15
4276,0
4277,0
4278,12
4279,54
4280,28
4281,10
4282,0
4283,0
4284,20
4285,7
4286,48
4287,56
4288,7
4289,11
4290,0
4291,3
4292,1
4293,6
4294,9
4295,2
4296,0
4297,32
4298,11
4299,21
4300,0
4301,9
4302,11
4303,8
4304,8
4305,12
4306,7
4307,6
4308,35
4309,8
4310,0
4311,0
4312,4
4313,15
4314,6
4315,5
4316,72
4317,63
4318,0
4319,13
4320,11
4321,17
4322,0
4323,4
4324,11
4325,7
4326,9
4327,0
4328,12
4329,21
4330,40
4331,72
4332,56
4333,54
4334,0
4335,24
4336,9
4337,45
4338,9
4339,8
4340,7
4341,9
4342,63
4343,12
4344,8
4345,0
4346,0
4347,3
4348,0
4349,10
4350,10
4351,13
4352,2
4353,16
4354,16
4355,7
4356,13
4357,30
4358,0
4359,6
4360,12
4361,3
4362,0
4363,13
4364,18
4365,12
4366,72
4367,11
4368,6
4369,24
4370,42
4371,6
4372,63
4373,0
4374,4
4375,15
4376,8
4377,0
4378,11
4379,11
4380,21
4381,12
4382,21
4383,72
4384,15
4385,5
4386,8
4387,6
4388,6
4389,18
4390,48
4391,8
4392,7
4393,12
4394,7
4395,64
4396,56
4397,49
4398,16
4399,45
4400,54
4401,11
4402,9
4403,11
4404,4
4405,18
4406,0
4407,81
4408,16
4409,0
4410,9
4411,0
4412,72
4413,15
4414,6
4415,0
4416,5
4417,16
4418,40
4419,9
4420,0
4421,11
4422,42
4423,9
4424,24
4425,3
4426,9
4427,2
4428,6
4429,12
4430,28
4431,7
4432,5
4433,7
4434,27
4435,24
4436,20
4437,40
4438,10
4439,10
4440,10
4441,0
4442,12
4443,14
4444,9
4445,8
4446,6
4447,13
4448,0
4449,12
4450,56
4451,0
4452,9
4453,0
4454,3
4455,8
4456,72
4457,6
4458,42
4459,5
4460,0
4461,8
4462,6
4463,9
4464,8
4465,0
4466,0
4467,15
4468,6
4469,6
4470,30
4471,0
4472,81
4473,45
4474,10
4475,6
4476,9
4477,12
4478,0
4479,13
4480,5
4481,6
4482,8
4483,9
4484,9
4485,0
4486,5
4487,7
4488,13
4489,0
4490,24
4491,12
4492,9
4493,4
4494,20
4495,0
4496,0
4497,14
4498,2
4499,81
4500,11
4501,6
4502,5
4503,42
4504,7
4505,40
4506,25
4507,0
4508,2
4509,20
4510,12
4511,10
4512,13
4513,16
4514,10
4515,2
4516,12
4517,40
4518,11
4519,10
4520,18
4521,6
4522,5
4523,64
4524,24
4525,12
4526,0
4527,0
4528,11
4529,0
4530,12
4531,11
4532,0
4533,13
4534,7
4535,7
4536,21
4537,12
4538,63
4539,35
4540,28
4541,30
4542,0
4543,4
4544,0
4545,9
4546,0
4547,14
4548,11
4549,11
4550,12
4551,15
4552,24
4553,24
4554,2
4555,10
4556,6
4557,9
4558,13
4559,9
4560,11
4561,9
4562,0
4563,0
4564,0
4565,24
4566,15
4567,54
4568,8
4569,14
4570,72
4571,6
4572,81
4573,14
4574,40
4575,63
4576,9
4577,3
4578,9
4579,14
4580,9
4581,3
4582,16
4583,8
4584,3
4585,3
4586,0
4587,14
4588,11
4589,0
4590,15
4591,12
4592,8
4593,32
4594,9
4595,2
4596,9
4597,12
4598,5
4599,14
4600,72
4601,11
4602,21
4603,10
4604,12
4605,24
4606,12
4607,12
4608,15
4609,0
4610,36
4611,4
4612,7
4613,9
4614,11
4615,21
4616,9
4617,0
4618,11
4619,0
4620,11
4621,18
4622,32
4623,4
4624,81
4625,12
4626,0
4627,13
4628,7
4629,0
4630,12
4631,8
4632,4
4633,8
4634,36
4635,10
4636,20
4637,16
4638,0
4639,35
4640,16
4641,4
4642,15
4643,8
4644,3
4645,11
4646,16
4647,0
4648,28
4649,32
4650,3
4651,12
4652,10
4653,5
4654,10
4655,9
4656,7
4657,54
4658,45
4659,4
4660,0
4661,5
4662,15
4663,20
4664,12
4665,10
4666,7
4667,9
4668,0
4669,24
4670,11
4671,12
4672,11
4673,48
4674,9
4675,11
4676,3
4677,0
4678,11
4679,14
4680,9
4681,8
4682,16
4683,12
4684,14
4685,0
4686,5
4687,4
4688,0
4689,15
4690,0
4691,11
4692,49
4693,11
4694,12
4695,27
4696,35
4697,20
4698,7
4699,6
4700,13
4701,9
4702,13
4703,0
4704,27
4705,5
4706,35
4707,12
4708,16
4709,15
4710,11
4711,27
4712,11
4713,16
4714,7
4715,40
4716,1
4717,18
4718,12
4719,11
4720,6
4721,0
4722,24
4723,4
4724,0
4725,11
4726,6
4727,7
4728,9
4729,13
4730,8
4731,27
4732,12
4733,21
4734,3
4735,20
4736,48
4737,4
4738,6
4739,27
4740,10
4741,12
4742,12
4743,56
4744,72
4745,0
4746,0
4747,5
4748,12
4749,27
4750,6
4751,42
4752,56
4753,11
4754,14
4755,24
4756,9
4757,11
4758,3
4759,9
4760,7
4761,30
4762,16
4763,12
4764,4
4765,24
4766,32
4767,13
4768,28
4769,9
4770,24
4771,12
4772,0
4773,6
4774,32
4775,0
4776,21
4777,0
4778,8
4779,7
4780,10
4781,49
4782,48
4783,12
4784,6
4785,0
4786,9
4787,40
4788,9
4789,24
4790,4
4791,2
4792,2
4793,11
4794,4
4795,10
4796,72
4797,48
4798,6
4799,10
4800,2
4801,13
4802,15
4803,11
4804,16
4805,56
4806,11
4807,35
4808,16
4809,48
4810,63
4811,12
4812,36
4813,18
4814,30
4815,56
4816,2
4817,15
4818,36
4819,54
4820,10
4821,0
4822,6
4823,0
4824,72
4825,8
4826,0
4827,1
4828,8
4829,11
4830,18
4831,11
4832,8
4833,3
4834,0
4835,48
4836,14
4837,64
4838,0
4839,4
4840,24
4841,9
4842,8
4843,16
4844,12
4845,10
4846,3
4847,0
4848,13
4849,28
4850,5
4851,3
4852,49
4853,18
4854,7
4855,13
4856,10
4857,0
4858,12
4859,4
4860,10
4861,9
4862,3
4863,3
4864,0
4865,27
4866,10
4867,10
4868,10
4869,6
4870,16
4871,0
4872,6
4873,6
4874,12
4875,7
4876,9
4877,12
4878,7
4879,0
4880,42
4881,7
4882,12
4883,8
4884,12
4885,15
4886,16
4887,63
4888,12
4889,12
4890,12
4891,24
4892,72
4893,12
4894,15
4895,9
4896,32
4897,3
4898,0
4899,63
4900,0
4901,8
4902,6
4903,9
4904,11
4905,72
4906,0
4907,25
4908,18
4909,63
4910,18
4911,9
4912,9
4913,2
4914,21
4915,15
4916,9
4917,12
4918,0
4919,27
4920,17
4921,11
4922,56
4923,15
4924,27
4925,45
4926,3
4927,16
4928,13
4929,9
4930,9
4931,9
4932,0
4933,2
4934,5
4935,17
4936,8
4937,17
4938,8
4939,11
4940,5
4941,15
4942,15
4943,48
4944,6
4945,7
4946,9
4947,6
4948,13
4949,54
4950,54
4951,27
4952,6
4953,11
4954,3
4955,8
4956,35
4957,9
4958,9
4959,10
4960,15
4961,13
4962,13
4963,28
4964,2
4965,3
4966,64
4967,6
4968,16
4969,12
4970,12
4971,18
4972,63
4973,5
4974,36
4975,3
4976,9
4977,2
4978,1
4979,11
4980,11
4981,12
4982,0
4983,0
4984,9
4985,42
4986,12
4987,0
4988,30
4989,72
4990,6
4991,0
4992,10
4993,28
4994,6
4995,13
4996,7
4997,54
4998,25
4999,3
5000,6
5001,21
5002,10
5003,35
5004,32
5005,18
5006,3
5007,5
5008,72
5009,10
5010,0
5011,18
5012,40
5013,3
5014,27
5015,8
5016,0
5017,13
5018,3
5019,9
5020,0
5021,10
5022,12
5023,10
5024,3
5025,2
5026,12
5027,8
5028,9
5029,0
5030,12
5031,14
5032,28
5033,45
5034,15
5035,72
5036,45
5037,3
5038,0
5039,2
5040,12
5041,30
5042,0
5043,28
5044,28
5045,12
5046,10
5047,13
5048,45
5049,0
5050,56
5051,0
5052,11
5053,0
5054,6
5055,9
5056,13
5057,8
5058,6
5059,6
5060,12
5061,14
5062,5
5063,9
5064,4
5065,6
5066,9
5067,0
5068,2
5069,0
5070,11
5071,12
5072,7
5073,17
5074,7
5075,9
5076,12
5077,8
5078,10
5079,8
5080,10
5081,13
5082,28
5083,32
5084,11
5085,6
5086,72
5087,9
5088,10
5089,0
5090,35
5091,42
5092,5
5093,10
5094,72
5095,0
5096,2
5097,3
5098,15
5099,0
5100,7
5101,8
5102,21
5103,30
5104,0
5105,9
5106,16
5107,5
5108,17
5109,24
5110,0
5111,16
5112,54
5113,8
5114,9
5115,36
5116,40
5117,6
5118,0
5119,12
5120,35
5121,16
5122,14
5123,7
5124,14
5125,9
5126,8
5127,4
5128,9
5129,21
5130,8
5131,5
5132,27
5133,8
5134,7
5135,11
5136,0
5137,30
5138,27
5139,72
5140,6
5141,25
5142,9
5143,9
5144,5
5145,10
5146,24
5147,9
5148,8
5149,28
5150,9
5151,20
5152,6
5153,12
5154,0
5155,8
5156,0
5157,7
5158,11
5159,11
5160,15
5161,12
5162,3
5163,4
5164,40
5165,12
5166,0
5167,15
5168,36
5169,56
5170,35
5171,2
5172,42
5173,4
5174,8
5175,0
5176,4
5177,18
5178,10
5179,32
5180,72
5181,13
5182,63
5183,32
5184,24
5185,10
5186,10
5187,15
5188,18
5189,10
5190,16
5191,24
5192,4
5193,7
5194,9
5195,56
5196,8
5197,40
5198,9
5199,9
5200,11
5201,5
5202,0
5203,10
5204,12
5205,3
5206,6
5207,10
5208,8
5209,9
5210,27
5211,0
5212,6
5213,12
5214,13
5215,0
5216,8
5217,72
5218,2
5219,4
5220,48
5221,9
5222,24
5223,18
5224,8
5225,11
5226,10
5227,0
5228,9
5229,81
5230,72
5231,3
5232,1
5233,0
5234,0
5235,9
5236,12
5237,5
5238,35
5239,63
5240,20
5241,12
5242,12
5243,12
5244,63
5245,11
5246,16
5247,15
5248,36
5249,6
5250,8
5251,9
5252,0
5253,72
5254,2
5255,9
5256,18
5257,8
5258,35
5259,5
5260,5
5261,0
5262,6
5263,9
5264,9
5265,0
5266,8
5267,13
5268,81
5269,10
5270,9
5271,6
5272,8
5273,2
5274,72
5275,12
5276,9
5277,6
5278,32
5279,3
5280,15
5281,13
5282,4
5283,28
5284,7
5285,7
5286,4
5287,36
5288,9
5289,42
5290,21
5291,10
5292,14
5293,8
5294,21
5295,9
5296,30
5297,2
5298,12
5299,14
5300,12
5301,9
5302,5
5303,9
5304,9
5305,4
5306,16
5307,4
5308,0
5309,16
5310,10
5311,6
5312,0
5313,1
5314,7
5315,0
5316,64
5317,5
5318,9
5319,0
5320,12
5321,8
5322,18
5323,0
5324,11
5325,56
5326,3
5327,36
5328,10
5329,0
5330,54
5331,3
5332,6
5333,12
5334,7
5335,18
5336,0
5337,11
5338,12
5339,0
5340,3
5341,6
5342,63
5343,11
5344,0
5345,8
5346,4
5347,54
5348,12
5349,32
5350,9
5351,8
5352,1
5353,6
5354,20
5355,6
5356,20
5357,13
5358,5
5359,56
5360,72
5361,27
5362,8
5363,8
5364,4
5365,0
5366,21
5367,0
5368,10
5369,0
5370,2
5371,7
5372,49
5373,30
5374,8
5375,14
5376,54
5377,5
5378,21
5379,14
5380,12
5381,11
5382,63
5383,40
5384,4
5385,27
5386,21
5387,0
5388,16
5389,7
5390,63
5391,8
5392,4
5393,12
5394,40
5395,12
5396,4
5397,63
5398,42
5399,3
5400,5
5401,9
5402,0
5403,24
5404,12
5405,54
5406,10
5407,10
5408,13
5409,24
5410,10
5411,8
5412,11
5413,28
5414,0
5415,1
5416,3
5417,15
5418,5
5419,72
5420,35
5421,28
5422,64
5423,11
5424,30
5425,24
5426,0
5427,9
5428,11
5429,6
5430,12
5431,11
5432,9
5433,9
5434,17
5435,14
5436,11
5437,12
5438,18
5439,48
5440,3
5441,0
5442,0
5443,12
5444,16
5445,12
5446,15
5447,6
5448,45
5449,11
5450,13
5451,7
5452,27
5453,15
5454,15
5455,5
5456,8
5457,8
5458,14
5459,35
5460,6
5461,24
5462,1
5463,0
5464,27
5465,0
5466,10
5467,0
5468,11
5469,25
5470,72
5471,32
5472,42
5473,49
5474,3
5475,9
5476,7
5477,35
5478,11
5479,36
5480,35
5481,8
5482,12
5483,10
5484,0
5485,0
5486,63
5487,0
5488,24
5489,9
5490,63
5491,0
5492,21
5493,0
5494,9
5495,2
5496,8
5497,12
5498,30
5499,8
5500,4
5501,15
5502,0
5503,0
5504,0
5505,0
5506,16
5507,0
5508,9
5509,0
5510,14
5511,25
5512,12
5513,0
5514,5
5515,24
5516,72
5517,10
5518,18
5519,13
5520,24
5521,25
5522,11
5523,21
5524,11
5525,8
5526,27
5527,12
5528,20
5529,8
5530,20
5531,9
5532,8
5533,7
5534,8
5535,11
5536,4
5537,10
5538,45
5539,3
5540,16
5541,28
5542,14
5543,2
5544,16
5545,4
5546,48
5547,6
5548,9
5549,7
5550,0
5551,0
5552,9
5553,63
5554,10
5555,42
5556,0
5557,10
5558,7
5559,14
5560,0
5561,14
5562,10
5563,0
5564,5
5565,4
5566,8
5567,9
5568,6
5569,20
5570,63
5571,12
5572,64
5573,0
5574,49
5575,5
5576,9
5577,0
5578,11
5579,0
5580,7
5581,0
5582,8
5583,24
5584,0
5585,8
5586,5
5587,12
5588,15
5589,0
5590,0
5591,10
5592,9
5593,6
5594,0
5595,12
5596,24
5597,3
5598,16
5599,11
5600,12
5601,10
5602,20
5603,4
5604,14
5605,72
5606,32
5607,4
5608,30
5609,14
5610,12
5611,12
5612,40
5613,14
5614,32
5615,72
5616,63
5617,12
5618,36
5619,35
5620,0
5621,11
5622,7
5623,32
5624,27
5625,0
5626,72
5627,24
5628,8
5629,11
5630,13
5631,9
5632,48
5633,21
5634,40
5635,30
5636,17
5637,72
5638,12
5639,16
5640,16
5641,13
5642,9
5643,27
5644,6
5645,36
5646,0
5647,10
5648,9
5649,27
5650,9
5651,0
5652,20
5653,12
5654,28
5655,0
5656,12
5657,32
5658,7
5659,13
5660,21
5661,10
5662,8
5663,0
5664,12
5665,24
5666,4
5667,15
5668,0
5669,0
5670,18
5671,9
5672,11
5673,12
5674,9
5675,54
5676,9
5677,8
5678,10
5679,48
5680,13
5681,12
5682,12
5683,14
5684,9
5685,4
5686,12
5687,9
5688,0
5689,0
5690,2
5691,0
5692,0
5693,5
5694,0
5695,11
5696,63
5697,0
5698,9
5699,30
5700,10
5701,45
5702,0
5703,3
5704,9
5705,12
5706,3
5707,10
5708,3
5709,4
5710,40
5711,1
5712,16
5713,5
5714,10
5715,12
5716,9
5717,9
5718,13
5719,20
5720,13
5721,20
5722,12
5723,72
5724,11
5725,10
5726,24
5727,12
5728,42
5729,8
5730,48
5731,28
5732,48
5733,9
5734,27
5735,9
5736,0
5737,24
5738,9
5739,8
5740,8
5741,15
5742,18
5743,9
5744,14
5745,40
5746,45
5747,9
5748,9
5749,10
5750,6
5751,0
5752,9
5753,5
5754,20
5755,0
5756,0
5757,56
5758,30
5759,12
5760,15
5761,9
5762,25
5763,11
5764,13
5765,12
5766,13
5767,6
5768,30
5769,0
5770,12
5771,12
5772,45
5773,72
5774,0
5775,8
5776,63
5777,0
5778,9
5779,0
5780,12
5781,24
5782,0
5783,9
5784,5
5785,0
5786,4
5787,6
5788,24
5789,7
5790,24
5791,40
5792,54
5793,49
5794,8
5795,4
5796,9
5797,18
5798,27
5799,32
5800,8
5801,0
5802,40
5803,0
5804,9
5805,14
5806,40
5807,54
5808,21
5809,0
5810,6
5811,9
5812,35
5813,14
5814,16
5815,16
5816,12
5817,6
5818,12
5819,5
5820,7
5821,4
5822,48
5823,13
5824,21
5825,36
5826,11
5827,11
5828,0
5829,7
5830,6
5831,11
5832,24
5833,27
5834,42
5835,54
5836,10
5837,48
5838,36
5839,11
5840,7
5841,10
5842,10
5843,10
5844,7
5845,7
5846,56
5847,7
5848,12
5849,0
5850,27
5851,3
5852,12
5853,12
5854,48
5855,4
5856,10
5857,15
5858,9
5859,18
5860,45
5861,12
5862,8
5863,0
5864,0
5865,4
5866,48
5867,9
5868,10
5869,12
5870,14
5871,15
5872,1
5873,4
5874,2
5875,13
5876,72
5877,0
5878,36
5879,8
5880,35
5881,10
5882,9
5883,56
5884,6
5885,11
5886,9
5887,12
5888,40
5889,6
5890,15
5891,4
5892,7
5893,6
5894,40
5895,9
5896,13
5897,12
5898,35
5899,3
5900,13
5901,10
5902,8
5903,7
5904,48
5905,7
5906,32
5907,18
5908,0
5909,0
5910,9
5911,8
5912,12
5913,16
5914,8
5915,0
5916,63
5917,24
5918,15
5919,30
5920,56
5921,8
5922,0
5923,0
5924,10
5925,9
5926,13
5927,15
5928,11
5929,9
5930,24
5931,5
5932,16
5933,5
5934,8
5935,7
5936,4
5937,2
5938,0
5939,2
5940,15
5941,20
5942,9
5943,27
5944,5
5945,16
5946,27
5947,8
5948,7
5949,27
5950,4
5951,6
5952,0
5953,8
5954,9
5955,9
5956,0
5957,40
5958,0
5959,8
5960,3
5961,7
5962,11
5963,0
5964,12
5965,15
5966,42
5967,16
5968,9
5969,27
5970,0
5971,8
5972,14
5973,10
5974,0
5975,0
5976,4
5977,11
5978,49
5979,45
5980,2
5981,81
5982,14
5983,11
5984,64
5985,8
5986,35
5987,12
5988,54
5989,24
5990,0
5991,18
5992,6
5993,36
5994,0
5995,21
5996,56
5997,12
5998,9
5999,12
6000,5
6001,0
6002,11
6003,0
6004,0
6005,32
6006,9
6007,0
6008,9
6009,40
6010,13
6011,32
6012,8
6013,6
6014,11
6015,0
6016,8
6017,72
6018,3
6019,5
6020,36
6021,13
6022,11
6023,8
6024,27
6025,11
6026,12
6027,15
6028,20
6029,35
6030,0
6031,0
6032,72
6033,3
6034,12
6035,25
6036,6
6037,8
6038,10
6039,3
6040,11
6041,11
6042,16
6043,13
6044,0
6045,6
6046,9
6047,6
6048,13
6049,54
6050,12
6051,10
6052,11
6053,3
6054,72
6055,12
6056,13
6057,24
6058,10
6059,1
6060,13
6061,7
6062,2
6063,13
6064,10
6065,6
6066,5
6067,18
6068,2
6069,12
6070,13
6071,21
6072,18
6073,0
6074,64
6075,12
6076,8
6077,7
6078,0
6079,4
6080,8
6081,11
6082,8
6083,0
6084,32
6085,32
6086,9
6087,14
6088,7
6089,10
6090,45
6091,24
6092,8
6093,6
6094,2
6095,3
6096,14
6097,15
6098,14
6099,12
6100,4
6101,11
6102,17
6103,54
6104,13
6105,0
6106,2
6107,17
6108,0
6109,5
6110,9
6111,54
6112,12
6113,6
6114,15
6115,2
6116,24
6117,10
6118,45
6119,7
6120,72
6121,17
6122,11
6123,7
6124,12
6125,12
6126,32
6127,49
6128,6
6129,9
6130,21
6131,5
6132,4
6133,13
6134,12
6135,63
6136,0
6137,10
6138,0
6139,10
6140,21
6141,12
6142,7
6143,7
6144,8
6145,8
6146,9
6147,8
6148,54
6149,8
6150,35
6151,6
6152,8
6153,12
6154,0
6155,15
6156,15
6157,14
6158,12
6159,48
6160,40
6161,13
6162,36
6163,9
6164,11
6165,0
6166,14
6167,4
6168,7
6169,36
6170,0
6171,45
6172,12
6173,13
6174,9
6175,9
6176,6
6177,5
6178,8
6179,1
6180,13
6181,12
6182,72
6183,56
6184,8
6185,35
6186,15
6187,32
6188,9
6189,36
6190,6
6191,56
6192,11
6193,0
6194,0
6195,1
6196,5
6197,72
6198,20
6199,9
6200,4
6201,11
6202,13
6203,9
6204,0
6205,11
6206,0
6207,6
6208,9
6209,3
6210,32
6211,11
6212,13
6213,20
6214,8
6215,5
6216,6
6217,11
6218,4
6219,63
6220,10
6221,56
6222,0
6223,0
6224,7
6225,2
6226,10
6227,8
6228,0
6229,14
6230,0
6231,27
6232,8
6233,3
6234,4
6235,36
6236,11
6237,35
6238,10
6239,9
6240,27
6241,7
6242,15
6243,16
6244,27
6245,13
6246,8
6247,0
6248,56
6249,6
6250,0
6251,9
6252,5
6253,64
6254,9
6255,16
6256,9
6257,7
6258,10
6259,8
6260,30
6261,9
6262,24
6263,40
6264,16
6265,30
6266,10
6267,5
6268,9
6269,5
6270,21
6271,9
6272,56
6273,6
6274,21
6275,6
6276,2
6277,14
6278,8
6279,20
6280,18
6281,0
6282,12
6283,27
6284,10
6285,12
6286,20
6287,2
6288,11
6289,9
6290,24
6291,54
6292,11
6293,6
6294,10
6295,6
6296,11
6297,7
6298,14
6299,21
6300,10
6301,3
6302,12
6303,25
6304,24
6305,3
6306,17
6307,14
6308,9
6309,3
6310,35
6311,42
6312,7
6313,9
6314,9
6315,16
6316,5
6317,4
6318,8
6319,0
6320,5
6321,9
6322,2
6323,45
6324,28
6325,12
6326,36
6327,10
6328,15
6329,21
6330,0
6331,0
6332,9
6333,6
6334,20
6335,13
6336,3
6337,14
6338,11
6339,20
6340,45
6341,0
6342,9
6343,9
6344,9
6345,14
6346,4
6347,45
6348,8
6349,0
6350,24
6351,15
6352,10
6353,8
6354,8
6355,0
6356,9
6357,11
6358,48
6359,81
6360,0
6361,4
6362,7
6363,6
6364,10
6365,0
6366,7
6367,11
6368,12
6369,11
6370,9
6371,24
6372,6
6373,9
6374,0
6375,9
6376,0
6377,63
6378,72
6379,40
6380,9
6381,12
6382,12
6383,10
6384,2
6385,8
6386,0
6387,8
6388,10
6389,2
6390,10
6391,36
6392,0
6393,36
6394,4
6395,20
6396,9
6397,13
6398,0
6399,16
6400,6
6401,4
6402,0
6403,3
6404,8
6405,3
6406,28
6407,54
6408,45
6409,6
6410,15
6411,13
6412,11
6413,5
6414,56
6415,0
6416,9
6417,18
6418,6
6419,16
6420,0
6421,15
6422,9
6423,0
6424,64
6425,16
6426,72
6427,8
6428,6
6429,0
6430,7
6431,1
6432,0
6433,6
6434,12
6435,54
6436,13
6437,81
6438,11
6439,0
6440,12
6441,9
6442,72
6443,21
6444,15
6445,0
6446,3
6447,18
6448,11
6449,6
6450,48
6451,8
6452,4
6453,7
6454,11
6455,9
6456,6
6457,0
6458,72
6459,4
6460,63
6461,9
6462,21
6463,5
6464,0
6465,16
6466,12
6467,6
6468,13
6469,24
6470,6
6471,0
6472,11
6473,11
6474,6
6475,18
6476,3
6477,7
6478,45
6479,9
6480,0
6481,36
6482,9
6483,6
6484,9
6485,12
6486,10
6487,9
6488,11
6489,17
6490,12
6491,3
6492,42
6493,13
6494,36
6495,0
6496,15
6497,45
6498,11
6499,2
6500,21
6501,24
6502,9
6503,27
6504,36
6505,9
6506,56
6507,0
6508,16
6509,0
6510,8
6511,36
6512,8
6513,6
6514,7
6515,12
6516,40
6517,0
6518,35
6519,28
6520,6
6521,3
6522,0
6523,10
6524,5
6525,48
6526,9
6527,30
6528,4
6529,3
6530,12
6531,12
6532,4
6533,6
6534,10
6535,9
6536,14
6537,9
6538,36
6539,12
6540,48
6541,63
6542,9
6543,12
6544,28
6545,12
6546,0
6547,0
6548,0
6549,0
6550,0
6551,10
6552,10
6553,0
6554,32
6555,9
6556,7
6557,18
6558,21
6559,8
6560,0
6561,6
6562,6
6563,28
6564,63
6565,30
6566,9
6567,9
6568,0
6569,14
6570,13
6571,10
6572,14
6573,1
6574,12
6575,4
6576,40
6577,32
6578,0
6579,45
6580,4
6581,0
6582,24
6583,15
6584,2
6585,13
6586,9
6587,0
6588,6
6589,10
6590,35
6591,18
6592,45
6593,2
6594,0
6595,45
6596,49
6597,9
6598,8
6599,24
6600,8
6601,9
6602,3
6603,0
6604,10
6605,54
6606,30
6607,0
6608,8
6609,0
6610,13
6611,8
6612,25
6613,4
6614,15
6615,0
6616,0
6617,4
6618,45
6619,6
6620,24
6621,0
6622,4
6623,0
6624,0
6625,0
6626,36
6627,11
6628,3
6629,7
6630,32
6631,0
6632,9
6633,20
6634,13
6635,3
6636,27
6637,0
6638,6
6639,9
6640,10
6641,30
6642,13
6643,16
6644,9
6645,2
6646,15
6647,7
6648,21
6649,0
6650,27
6651,5
6652,9
6653,11
6654,6
6655,8
6656,7
6657,6
6658,4
6659,24
6660,6
6661,9
6662,36
6663,12
6664,12
6665,14
6666,27
6667,0
6668,32
6669,15
6670,63
6671,7
6672,12
6673,0
6674,12
6675,0
6676,10
6677,0
6678,64
6679,5
6680,24
6681,3
6682,8
6683,54
6684,40
6685,17
6686,12
6687,13
6688,6
6689,13
6690,0
6691,16
6692,7
6693,9
6694,32
6695,21
6696,8
6697,9
6698,14
6699,0
6700,6
6701,10
6702,0
6703,27
6704,12
6705,5
6706,13
6707,2
6708,8
6709,9
6710,0
6711,10
6712,16
6713,0
6714,14
6715,0
6716,11
6717,9
6718,3
6719,0
6720,15
6721,6
6722,11
6723,63
6724,2
6725,9
6726,3
6727,12
6728,0
6729,12
6730,30
6731,21
6732,35
6733,32
6734,10
6735,35
6736,9
6737,35
6738,10
6739,6
6740,63
6741,9
6742,16
6743,1
6744,18
6745,12
6746,72
6747,7
6748,12
6749,21
6750,10
6751,1
6752,14
6753,28
6754,6
6755,35
6756,5
6757,72
6758,0
6759,11
6760,5
6761,9
6762,25
6763,3
6764,16
6765,6
6766,10
6767,21
6768,13
6769,12
6770,15
6771,9
6772,9
6773,6
6774,0
6775,72
6776,8
6777,10
6778,20
6779,0
6780,20
6781,9
6782,24
6783,14
6784,16
6785,6
6786,6
6787,0
6788,6
6789,56
6790,40
6791,5
6792,9
6793,48
6794,9
6795,6
6796,12
6797,36
6798,9
6799,15
6800,9
6801,15
6802,2
6803,21
6804,32
6805,7
6806,18
6807,7
6808,63
6809,63
6810,14
6811,12
6812,9
6813,32
6814,0
6815,30
6816,56
6817,4
6818,9
6819,0
6820,6
6821,10
6822,48
6823,10
6824,12
6825,10
6826,16
6827,7
6828,5
6829,14
6830,11
6831,8
6832,2
6833,6
6834,4
6835,0
6836,12
6837,5
6838,4
6839,12
6840,18
6841,11
6842,4
6843,48
6844,24
6845,63
6846,0
6847,32
6848,2
6849,45
6850,8
6851,12
6852,12
6853,9
6854,20
6855,11
6856,27
6857,42
6858,25
6859,24
6860,4
6861,8
6862,6
6863,6
6864,9
6865,63
6866,9
6867,9
6868,8
6869,20
6870,9
6871,9
6872,11
6873,2
6874,12
6875,35
6876,3
6877,12
6878,8
6879,21
6880,12
6881,7
6882,12
6883,11
6884,0
6885,16
6886,10
6887,0
6888,25
6889,0
6890,0
6891,21
6892,10
6893,30
6894,5
6895,2
6896,9
6897,14
6898,12
6899,10
6900,0
6901,8
6902,9
6903,9
6904,32
6905,8
6906,24
6907,54
6908,5
6909,9
6910,9
6911,4
6912,13
6913,15
6914,15
6915,8
6916,0
6917,3
6918,32
6919,8
6920,0
6921,11
6922,63
6923,64
6924,0
6925,45
6926,9
6927,14
6928,54
6929,54
6930,5
6931,6
6932,18
6933,10
6934,12
6935,13
6936,4
6937,7
6938,8
6939,7
6940,10
6941,28
6942,11
6943,64
6944,10
6945,0
6946,4
6947,0
6948,7
6949,9
6950,56
6951,11
6952,36
6953,11
6954,4
6955,8
6956,8
6957,18
6958,14
6959,6
6960,6
6961,9
6962,5
6963,12
6964,35
6965,14
6966,0
6967,11
6968,0
6969,7
6970,0
6971,6
6972,21
6973,12
6974,45
6975,6
6976,15
6977,15
6978,15
6979,10
6980,11
6981,9
6982,7
6983,24
6984,10
6985,12
6986,8
6987,0
6988,7
6989,32
6990,7
6991,13
6992,13
6993,5
6994,36
6995,9
6996,4
6997,36
6998,16
6999,10
7000,81
7001,6
7002,63
7003,2
7004,13
7005,72
7006,0
7007,0
7008,8
7009,4
7010,6
7011,9
7012,16
7013,24
7014,13
7015,12
7016,9
7017,5
7018,24
7019,12
7020,13
7021,0
7022,10
7023,40
7024,5
7025,30
7026,24
7027,21
7028,2
7029,0
7030,1
7031,0
7032,2
7033,11
7034,11
7035,16
7036,9
7037,8
7038,7
7039,20
7040,32
7041,11
7042,0
7043,9
7044,10
7045,9
7046,1
7047,30
7048,4
7049,72
7050,14
7051,10
7052,8
7053,45
7054,0
7055,3
7056,0
7057,49
7058,12
7059,4
7060,9
7061,13
7062,12
7063,0
7064,3
7065,27
7066,6
7067,24
7068,9
7069,49
7070,4
7071,8
7072,0
7073,36
7074,63
7075,63
7076,16
7077,72
7078,20
7079,10
7080,4
7081,1
7082,9
7083,0
7084,10
7085,8
7086,7
7087,32
7088,28
7089,0
7090,0
7091,12
7092,10
7093,12
7094,13
7095,7
7096,17
7097,13
7098,24
7099,1
7100,4
7101,49
7102,6
7103,6
7104,9
7105,12
7106,13
7107,21
7108,15
7109,0
7110,16
7111,2
7112,9
7113,63
7114,24
7115,9
7116,42
7117,27
7118,40
7119,15
7120,4
7121,12
7122,12
7123,8
7124,9
7125,7
7126,21
7127,10
7128,6
7129,24
7130,0
7131,0
7132,11
7133,27
7134,8
7135,10
7136,17
7137,11
7138,12
7139,3
7140,2
7141,1
7142,9
7143,12
7144,5
7145,11
7146,12
7147,7
7148,12
7149,0
7150,16
7151,27
7152,9
7153,81
7154,24
7155,32
7156,63
7157,0
7158,8
7159,24
7160,1
7161,0
7162,0
7163,0
7164,7
7165,1
7166,11
7167,10
7168,2
7169,0
7170,35
7171,0
7172,24
7173,9
7174,9
7175,48
7176,3
7177,1
7178,5
7179,54
7180,0
7181,15
7182,11
7183,11
7184,7
7185,0
7186,27
7187,12
7188,30
7189,0
7190,4
7191,9
7192,6
7193,9
7194,25
7195,24
7196,63
7197,6
7198,0
7199,0
7200,15
7201,18
7202,3
7203,18
7204,8
7205,8
7206,24
7207,4
7208,6
7209,4
7210,8
7211,24
7212,0
7213,32
7214,9
7215,8
7216,36
7217,0
7218,0
7219,0
7220,2
7221,11
7222,63
7223,13
7224,8
7225,15
7226,9
7227,13
7228,20
7229,7
7230,10
7231,72
7232,13
7233,56
7234,9
7235,0
7236,10
7237,15
7238,10
7239,81
7240,10
7241,0
7242,18
7243,8
7244,9
7245,15
7246,5
7247,12
7248,63
7249,14
7250,7
7251,81
7252,12
7253,4
7254,36
7255,0
7256,32
7257,17
7258,8
7259,8
7260,54
7261,27
7262,0
7263,4
7264,1
7265,6
7266,9
7267,6
7268,3
7269,9
7270,20
7271,4
7272,15
7273,5
7274,27
7275,35
7276,9
7277,12
7278,18
7279,4
7280,0
7281,7
7282,16
7283,5
7284,9
7285,8
7286,6
7287,10
7288,9
7289,5
7290,11
7291,6
7292,18
7293,12
7294,6
7295,24
7296,49
7297,13
7298,64
7299,10
7300,12
7301,0
7302,36
7303,8
7304,0
7305,18
7306,12
7307,9
7308,9
7309,10
7310,21
7311,9
7312,7
7313,16
7314,8
7315,11
7316,32
7317,14
7318,0
7319,9
7320,7
7321,8
7322,24
7323,24
7324,5
7325,3
7326,20
7327,10
7328,63
7329,13
7330,27
7331,7
7332,9
7333,12
7334,8
7335,20
7336,18
7337,16
7338,56
7339,13
7340,45
7341,14
7342,15
7343,10
7344,72
7345,11
7346,32
7347,0
7348,64
7349,28
7350,6
7351,0
7352,11
7353,36
7354,0
7355,8
7356,10
7357,9
7358,21
7359,7
7360,10
7361,56
7362,8
7363,45
7364,14
7365,15
7366,81
7367,15
7368,5
7369,3
7370,0
7371,8
7372,21
7373,9
7374,12
7375,12
7376,10
7377,7
7378,36
7379,0
7380,11
7381,45
7382,11
7383,2
7384,5
7385,5
7386,1
7387,72
7388,8
7389,24
7390,0
7391,11
7392,24
7393,28
7394,0
7395,0
7396,0
7397,12
7398,0
7399,21
7400,13
7401,14
7402,4
7403,0
7404,45
7405,11
7406,9
7407,2
7408,0
7409,14
7410,24
7411,45
7412,15
7413,11
7414,40
7415,12
7416,8
7417,0
7418,0
7419,64
7420,0
7421,54
7422,17
7423,12
7424,36
7425,9
7426,13
7427,8
7428,72
7429,9
7430,28
7431,9
7432,9
7433,9
7434,14
7435,0
7436,3
7437,0
7438,16
7439,9
7440,12
7441,72
7442,6
7443,6
7444,4
7445,9
7446,8
7447,15
7448,5
7449,20
7450,20
7451,0
7452,0
7453,11
7454,2
7455,8
7456,8
7457,6
7458,12
7459,63
7460,0
7461,10
7462,0
7463,28
7464,12
7465,28
7466,20
7467,0
7468,64
7469,0
7470,12
7471,10
7472,4
7473,27
7474,16
7475,15
7476,48
7477,14
7478,0
7479,10
7480,4
7481,49
7482,7
7483,4
7484,0
7485,0
7486,9
7487,5
7488,0
7489,35
7490,10
7491,40
7492,9
7493,8
7494,24
7495,54
7496,2
7497,0
7498,11
7499,24
7500,6
7501,15
7502,6
7503,12
7504,28
7505,27
7506,8
7507,56
7508,6
7509,4
7510,6
7511,6
7512,8
7513,2
7514,9
7515,9
7516,7
7517,9
7518,5
7519,8
7520,0
7521,14
7522,8
7523,30
7524,48
7525,18
7526,17
7527,3
7528,63
7529,64
7530,32
7531,54
7532,5
7533,11
7534,11
7535,72
7536,72
7537,8
7538,7
7539,32
7540,16
7541,13
7542,20
7543,6
7544,42
7545,32
7546,9
7547,30
7548,12
7549,21
7550,14
7551,11
7552,45
7553,7
7554,0
7555,20
7556,27
7557,20
7558,12
7559,56
7560,12
7561,40
7562,48
7563,5
7564,27
7565,11
7566,28
7567,42
7568,9
7569,2
7570,5
7571,17
7572,10
7573,15
7574,10
7575,42
7576,7
7577,24
7578,72
7579,12
7580,45
7581,27
7582,11
7583,4
7584,0
7585,8
7586,0
7587,4
7588,13
7589,13
7590,18
7591,10
7592,0
7593,6
7594,10
7595,7
7596,4
7597,11
7598,36
7599,7
7600,9
7601,15
7602,18
7603,8
7604,0
7605,0
7606,9
7607,8
7608,12
7609,8
7610,11
7611,30
7612,16
7613,7
7614,4
7615,12
7616,14
7617,54
7618,7
7619,6
7620,10
7621,3
7622,6
7623,17
7624,9
7625,9
7626,49
7627,8
7628,7
7629,72
7630,11
7631,49
7632,24
7633,54
7634,15
7635,72
7636,9
7637,0
7638,6
7639,8
7640,9
7641,0
7642,12
7643,12
7644,12
7645,7
7646,5
7647,40
7648,0
7649,9
7650,6
7651,56
7652,0
7653,8
7654,32
7655,5
7656,2
7657,5
7658,24
7659,13
7660,48
7661,0
7662,9
7663,35
7664,12
7665,14
7666,11
7667,0
7668,10
7669,14
7670,2
7671,6
7672,0
7673,16
7674,0
7675,0
7676,0
7677,3
7678,12
7679,5
7680,7
7681,7
7682,11
7683,7
7684,11
7685,0
7686,8
7687,9
7688,12
7689,0
7690,12
7691,15
7692,14
7693,0
7694,21
7695,7
7696,14
7697,14
7698,0
7699,0
7700,0
7701,9
7702,0
7703,12
7704,30
7705,6
7706,7
7707,9
7708,11
7709,9
7710,5
7711,9
7712,4
7713,0
7714,20
7715,15
7716,12
7717,6
7718,11
7719,9
7720,5
7721,49
7722,7
7723,15
7724,8
7725,48
7726,9
7727,15
7728,8
7729,3
7730,11
7731,11
7732,11
7733,20
7734,10
7735,17
7736,9
7737,24
7738,8
7739,25
7740,13
7741,63
7742,5
7743,0
7744,12
7745,9
7746,9
7747,27
7748,56
7749,35
7750,24
7751,9
7752,16
7753,12
7754,15
7755,0
7756,6
7757,0
7758,1
7759,0
7760,10
7761,9
7762,14
7763,5
7764,9
7765,9
7766,18
7767,7
7768,11
7769,40
7770,5
7771,72
7772,6
7773,0
7774,12
7775,4
7776,9
7777,6
7778,36
7779,36
7780,24
7781,24
7782,35
7783,2
7784,13
7785,24
7786,17
7787,0
7788,63
7789,14
7790,2
7791,0
7792,15
7793,17
7794,4
7795,11
7796,9
7797,5
7798,11
7799,11
7800,12
7801,6
7802,9
7803,9
7804,6
7805,2
7806,9
7807,14
7808,25
7809,13
7810,10
7811,6
7812,0
7813,4
7814,7
7815,15
7816,36
7817,9
7818,9
7819,8
7820,27
7821,16
7822,11
7823,1
7824,8
7825,12
7826,3
7827,6
7828,12
7829,5
7830,21
7831,0
7832,30
7833,9
7834,7
7835,18
7836,40
7837,8
7838,0
7839,56
7840,9
7841,24
7842,8
7843,81
7844,8
7845,12
7846,10
7847,2
7848,5
7849,16
7850,10
7851,0
7852,10
7853,5
7854,0
7855,12
7856,4
7857,0
7858,6
7859,20
7860,20
7861,7
7862,10
7863,6
7864,2
7865,36
7866,0
7867,8
7868,14
7869,10
7870,21
7871,10
7872,20
7873,0
7874,11
7875,8
7876,17
7877,3
7878,18
7879,30
7880,15
7881,5
7882,15
7883,6
7884,6
7885,0
7886,40
7887,63
7888,6
7889,25
7890,13
7891,36
7892,0
7893,16
7894,9
7895,15
7896,7
7897,45
7898,13
7899,10
7900,1
7901,21
7902,8
7903,9
7904,21
7905,3
7906,1
7907,7
7908,1
7909,0
7910,6
7911,8
7912,0
7913,0
7914,17
7915,18
7916,14
7917,15
7918,36
7919,0
7920,3
7921,54
7922,0
7923,12
7924,8
7925,0
7926,24
7927,0
7928,81
7929,16
7930,0
7931,36
7932,6
7933,12
7934,9
7935,1
7936,3
7937,6
7938,0
7939,13
7940,21
7941,0
7942,8
7943,4
7944,1
7945,11
7946,14
7947,6
7948,6
7949,10
7950,10
7951,9
7952,9
7953,12
7954,0
7955,7
7956,11
7957,10
7958,9
7959,13
7960,6
7961,20
7962,5
7963,10
7964,9
7965,12
7966,6
7967,10
7968,11
7969,4
7970,0
7971,30
7972,8
7973,10
7974,3
7975,9
7976,3
7977,72
7978,17
7979,6
7980,16
7981,6
7982,0
7983,72
7984,6
7985,6
7986,49
7987,9
7988,48
7989,10
7990,0
7991,3
7992,9
7993,11
7994,4
7995,42
7996,3
7997,49
7998,6
7999,24
8000,3
8001,49
8002,18
8003,4
8004,8
8005,2
8006,9
8007,4
8008,0
8009,16
8010,0
8011,0
8012,12
8013,21
8014,0
8015,0
8016,15
8017,28
8018,8
8019,24
8020,21
8021,0
8022,49
8023,63
8024,6
8025,7
8026,6
8027,8
8028,0
8029,5
8030,4
8031,12
8032,2
8033,8
8034,9
8035,21
8036,81
8037,10
8038,3
8039,32
8040,40
8041,10
8042,9
8043,0
8044,0
8045,9
8046,4
8047,9
8048,56
8049,0
8050,0
8051,7
8052,21
8053,40
8054,9
8055,5
8056,45
8057,6
8058,9
8059,56
8060,5
8061,11
8062,17
8063,10
8064,0
8065,42
8066,12
8067,7
8068,9
8069,42
8070,8
8071,32
8072,3
8073,9
8074,14
8075,12
8076,9
8077,30
8078,7
8079,6
8080,6
8081,9
8082,13
8083,16
8084,0
8085,1
8086,12
8087,6
8088,7
8089,6
8090,24
8091,12
8092,27
8093,4
8094,28
8095,0
8096,14
8097,36
8098,10
8099,81
8100,0
8101,14
8102,0
8103,63
8104,11
8105,9
8106,32
8107,10
8108,10
8109,16
8110,11
8111,8
8112,30
8113,14
8114,7
8115,32
8116,3
8117,10
8118,35
8119,8
8120,4
8121,0
8122,3
8123,10
8124,27
8125,9
8126,12
8127,54
8128,9
8129,56
8130,10
8131,16
8132,9
8133,64
8134,13
8135,5
8136,14
8137,10
8138,10
8139,6
8140,20
8141,9
8142,0
8143,8
8144,8
8145,2
8146,15
8147,15
8148,9
8149,64
8150,20
8151,15
8152,48
8153,9
8154,81
8155,12
8156,64
8157,24
8158,24
8159,9
8160,0
8161,63
8162,42
8163,15
8164,8
8165,0
8166,3
8167,10
8168,7
8169,13
8170,11
8171,0
8172,9
8173,9
8174,17
8175,3
8176,0
8177,5
8178,6
8179,63
8180,0
8181,16
8182,14
8183,0
8184,32
8185,21
8186,12
8187,4
8188,27
8189,8
8190,9
8191,10
8192,12
8193,8
8194,9
8195,5
8196,8
8197,45
8198,9
8199,7
8200,36
8201,45
8202,40
8203,14
8204,8
8205,30
8206,20
8207,32
8208,11
8209,45
8210,6
8211,0
8212,10
8213,10
8214,9
8215,16
8216,16
8217,13
8218,8
8219,14
8220,27
8221,63
8222,13
8223,9
8224,4
8225,10
8226,6
8227,10
8228,64
8229,21
8230,35
8231,0
8232,8
8233,6
8234,0
8235,6
8236,12
8237,11
8238,0
8239,10
8240,5
8241,0
8242,9
8243,0
8244,0
8245,11
8246,15
8247,0
8248,10
8249,0
8250,9
8251,9
8252,0
8253,24
8254,11
8255,0
8256,7
8257,5
8258,4
8259,9
8260,4
8261,6
8262,11
8263,10
8264,4
8265,7
8266,9
8267,42
8268,3
8269,15
8270,9
8271,7
8272,8
8273,15
8274,32
8275,27
8276,8
8277,0
8278,4
8279,9
8280,35
8281,24
8282,24
8283,0
8284,0
8285,18
8286,56
8287,0
8288,0
8289,10
8290,5
8291,36
8292,28
8293,6
8294,8
8295,6
8296,48
8297,10
8298,6
8299,10
8300,14
8301,4
8302,25
8303,10
8304,2
8305,14
8306,15
8307,11
8308,12
8309,12
8310,9
8311,5
8312,4
8313,5
8314,9
8315,13
8316,12
8317,42
8318,8
8319,0
8320,10
8321,11
8322,0
8323,12
8324,32
8325,11
8326,18
8327,7
8328,13
8329,6
8330,0
8331,3
8332,12
8333,0
8334,2
8335,0
8336,10
8337,10
8338,0
8339,9
8340,54
8341,0
8342,13
8343,12
8344,63
8345,5
8346,12
8347,0
8348,8
8349,81
8350,1
8351,3
8352,0
8353,13
8354,13
8355,42
8356,0
8357,5
8358,12
8359,10
8360,1
8361,14
8362,15
8363,11
8364,12
8365,12
8366,3
8367,0
8368,0
8369,10
8370,18
8371,12
8372,0
8373,4
8374,8
8375,8
8376,10
8377,32
8378,12
8379,35
8380,36
8381,11
8382,14
8383,13
8384,5
8385,27
8386,10
8387,0
8388,13
8389,4
8390,4
8391,16
8392,12
8393,8
8394,4
8395,24
8396,11
8397,10
8398,8
8399,9
8400,6
8401,42
8402,49
8403,11
8404,18
8405,0
8406,12
8407,28
8408,16
8409,14
8410,7
8411,12
8412,11
8413,18
8414,4
8415,24
8416,9
8417,0
8418,72
8419,16
8420,12
8421,10
8422,6
8423,10
8424,6
8425,7
8426,28
8427,5
8428,3
8429,9
8430,4
8431,6
8432,36
8433,32
8434,4
8435,72
8436,27
8437,0
8438,6
8439,11
8440,63
8441,3
8442,24
8443,12
8444,18
8445,24
8446,40
8447,24
8448,0
8449,6
8450,56
8451,16
8452,0
8453,13
8454,16
8455,36
8456,0
8457,10
8458,30
8459,7
8460,0
8461,10
8462,0
8463,0
8464,10
8465,5
8466,0
8467,3
8468,24
8469,11
8470,4
8471,1
8472,2
8473,11
8474,8
8475,9
8476,8
8477,16
8478,15
8479,54
8480,9
8481,9
8482,16
8483,14
8484,3
8485,24
8486,3
8487,81
8488,11
8489,63
8490,3
8491,24
8492,0
8493,27
8494,24
8495,0
8496,10
8497,4
8498,0
8499,7
8500,5
8501,6
8502,12
8503,8
8504,36
8505,6
8506,40
8507,63
8508,36
8509,0
8510,9
8511,8
8512,0
8513,14
8514,36
8515,4
8516,18
8517,9
8518,15
8519,24
8520,25
8521,11
8522,36
8523,12
8524,18
8525,56
8526,30
8527,11
8528,10
8529,36
8530,6
8531,6
8532,12
8533,11
8534,10
8535,10
8536,11
8537,0
8538,9
8539,28
8540,9
8541,4
8542,63
8543,8
8544,30
8545,0
8546,24
8547,18
8548,30
8549,5
8550,28
8551,8
8552,0
8553,11
8554,11
8555,12
8556,0
8557,6
8558,81
8559,72
8560,16
8561,5
8562,12
8563,6
8564,0
8565,7
8566,63
8567,27
8568,6
8569,30
8570,30
8571,5
8572,8
8573,0
8574,6
8575,9
8576,20
8577,9
8578,14
8579,0
8580,7
8581,17
8582,30
8583,8
8584,36
8585,17
8586,12
8587,5
8588,24
8589,6
8590,10
8591,0
8592,8
8593,11
8594,0
8595,12
8596,4
8597,18
8598,11
8599,9
8600,13
8601,0
8602,40
8603,8
8604,8
8605,8
8606,35
8607,11
8608,10
8609,16
8610,18
8611,24
8612,6
8613,10
8614,4
8615,13
8616,28
8617,0
8618,12
8619,9
8620,8
8621,14
8622,0
8623,0
8624,9
8625,16
8626,48
8627,8
8628,9
8629,72
8630,0
8631,15
8632,9
8633,0
8634,0
8635,13
8636,63
8637,32
8638,15
8639,7
8640,28
8641,21
8642,14
8643,6
8644,13
8645,9
8646,0
8647,11
8648,4
8649,28
8650,36
8651,1
8652,40
8653,10
8654,11
8655,15
8656,6
8657,17
8658,32
8659,24
8660,45
8661,0
8662,16
8663,11
8664,40
8665,18
8666,72
8667,10
8668,2
8669,11
8670,4
8671,54
8672,9
8673,7
8674,8
8675,9
8676,12
8677,5
8678,7
8679,11
8680,5
8681,35
8682,6
8683,9
8684,36
8685,16
8686,81
8687,8
8688,0
8689,0
8690,0
8691,9
8692,10
8693,9
8694,16
8695,6
8696,9
8697,56
8698,36
8699,5
8700,9
8701,14
8702,24
8703,10
8704,4
8705,13
8706,48
8707,21
8708,14
8709,2
8710,0
8711,4
8712,18
8713,21
8714,28
8715,15
8716,2
8717,5
8718,11
8719,10
8720,5
8721,9
8722,0
8723,0
8724,24
8725,5
8726,0
8727,13
8728,16
8729,0
8730,32
8731,0
8732,48
8733,12
8734,16
8735,56
8736,13
8737,12
8738,0
8739,10
8740,21
8741,4
8742,11
8743,9
8744,6
8745,5
8746,0
8747,9
8748,13
8749,12
8750,11
8751,11
8752,5
8753,0
8754,0
8755,48
8756,36
8757,10
8758,12
8759,27
8760,12
8761,8
8762,14
8763,9
8764,8
8765,0
8766,12
8767,49
8768,15
8769,13
8770,35
8771,3
8772,0
8773,0
8774,9
8775,9
8776,0
8777,0
8778,30
8779,15
8780,35
8781,45
8782,10
8783,0
8784,8
8785,12
8786,0
8787,6
8788,3
8789,72
8790,11
8791,16
8792,20
8793,9
8794,10
8795,16
8796,4
8797,6
8798,16
8799,9
8800,24
8801,45
8802,9
8803,2
8804,32
8805,5
8806,35
8807,28
8808,14
8809,14
8810,48
8811,28
8812,24
8813,10
8814,8
8815,42
8816,0
8817,17
8818,0
8819,0
8820,9
8821,10
8822,9
8823,9
8824,4
8825,24
8826,0
8827,9
8828,30
8829,12
8830,10
8831,0
8832,54
8833,9
8834,0
8835,17
8836,12
8837,12
8838,7
8839,40
8840,3
8841,3
8842,0
8843,18
8844,11
8845,36
8846,9
8847,4
8848,35
8849,12
8850,0
8851,9
8852,0
8853,0
8854,9
8855,9
8856,12
8857,45
8858,1
8859,0
8860,11
8861,32
8862,0
8863,0
8864,0
8865,6
8866,32
8867,0
8868,11
8869,2
8870,13
8871,10
8872,36
8873,2
8874,56
8875,9
8876,25
8877,42
8878,45
8879,13
8880,9
8881,8
8882,0
8883,0
8884,12
8885,9
8886,21
8887,3
8888,56
8889,0
8890,3
8891,56
8892,18
8893,7
8894,8
8895,64
8896,16
8897,12
8898,0
8899,2
8900,0
8901,11
8902,8
8903,0
8904,4
8905,7
8906,7
8907,9
8908,0
8909,8
8910,21
8911,8
8912,18
8913,21
8914,27
8915,2
8916,6
8917,0
8918,12
8919,9
8920,45
8921,0
8922,0
8923,42
8924,12
8925,12
8926,48
8927,6
8928,0
8929,11
8930,3
8931,7
8932,21
8933,13
8934,9
8935,12
8936,11
8937,3
8938,42
8939,9
8940,8
8941,18
8942,0
8943,5
8944,8
8945,40
8946,63
8947,13
8948,24
8949,2
8950,17
8951,14
8952,12
8953,6
8954,40
8955,81
8956,5
8957,56
8958,42
8959,11
8960,24
8961,13
8962,12
8963,15
8964,11
8965,81
8966,7
8967,0
8968,11
8969,5
8970,9
8971,11
8972,40
8973,5
8974,9
8975,36
8976,4
8977,24
8978,35
8979,63
8980,6
8981,12
8982,18
8983,8
8984,6
8985,6
8986,9
8987,10
8988,12
8989,6
8990,0
8991,40
8992,25
8993,24
8994,27
8995,6
8996,0
8997,9
8998,4
8999,24
9000,9
9001,7
9002,9
9003,27
9004,54
9005,14
9006,9
9007,27
9008,15
9009,8
9010,10
9011,4
9012,8
9013,13
9014,9
9015,9
9016,24
9017,4
9018,9
9019,12
9020,0
9021,6
9022,3
9023,24
9024,64
9025,36
9026,6
9027,0
9028,11
9029,30
9030,12
9031,8
9032,12
9033,10
9034,7
9035,6
9036,28
9037,11
9038,6
9039,14
9040,7
9041,2
9042,4
9043,5
9044,10
9045,6
9046,14
9047,8
9048,16
9049,42
9050,8
9051,16
9052,11
9053,24
9054,2
9055,72
9056,7
9057,13
9058,1
9059,8
9060,36
9061,36
9062,2
9063,42
9064,0
9065,9
9066,15
9067,20
9068,6
9069,3
9070,4
9071,5
9072,63
9073,0
9074,28
9075,9
9076,45
9077,5
9078,36
9079,14
9080,40
9081,3
9082,8
9083,13
9084,10
9085,15
9086,8
9087,72
9088,9
9089,0
9090,6
9091,10
9092,21
9093,3
9094,10
9095,7
9096,45
9097,6
9098,12
9099,0
9100,5
9101,15
9102,0
9103,5
9104,9
9105,10
9106,0
9107,36
9108,8
9109,45
9110,15
9111,56
9112,12
9113,4
9114,0
9115,8
9116,36
9117,6
9118,8
9119,4
9120,8
9121,0
9122,9
9123,6
9124,8
9125,1
9126,4
9127,11
9128,54
9129,81
9130,0
9131,8
9132,0
9133,8
9134,5
9135,48
9136,4
9137,9
9138,1
9139,2
9140,30
9141,28
9142,30
9143,15
9144,72
9145,8
9146,32
9147,12
9148,6
9149,30
9150,11
9151,32
9152,30
9153,13
9154,63
9155,15
9156,12
9157,45
9158,8
9159,5
9160,9
9161,9
9162,4
9163,18
9164,11
9165,4
9166,13
9167,27
9168,72
9169,13
9170,16
9171,12
9172,4
9173,13
9174,0
9175,36
9176,24
9177,1
9178,35
9179,0
9180,13
9181,7
9182,24
9183,10
9184,11
9185,2
9186,5
9187,81
9188,63
9189,40
9190,8
9191,6
9192,18
9193,11
9194,10
9195,3
9196,14
9197,9
9198,4
9199,9
9200,11
9201,20
9202,12
9203,6
9204,12
9205,12
9206,1
9207,9
9208,35
9209,4
9210,8
9211,12
9212,13
9213,9
9214,21
9215,56
9216,12
9217,12
9218,12
9219,14
9220,8
9221,3
9222,6
9223,15
9224,27
9225,10
9226,6
9227,9
9228,10
9229,45
9230,11
9231,21
9232,5
9233,12
9234,20
9235,9
9236,10
9237,45
9238,21
9239,12
9240,12
9241,13
9242,12
9243,4
9244,5
9245,4
9246,13
9247,36
9248,4
9249,14
9250,5
9251,17
9252,8
9253,8
9254,18
9255,36
9256,5
9257,9
9258,30
9259,10
9260,30
9261,30
9262,12
9263,30
9264,7
9265,12
9266,0
9267,16
9268,72
9269,63
9270,0
9271,0
9272,27
9273,11
9274,42
9275,42
9276,12
9277,10
9278,6
9279,13
9280,12
9281,27
9282,9
9283,21
9284,10
9285,0
9286,18
9287,7
9288,28
9289,2
9290,8
9291,0
9292,0
9293,30
9294,18
9295,0
9296,0
9297,72
9298,4
9299,7
9300,5
9301,18
9302,3
9303,0
9304,15
9305,6
9306,0
9307,14
9308,4
9309,9
9310,9
9311,8
9312,8
9313,49
9314,0
9315,27
9316,5
9317,36
9318,0
9319,0
9320,6
9321,16
9322,35
9323,6
9324,2
9325,11
9326,8
9327,30
9328,32
9329,32
9330,10
9331,9
9332,0
9333,28
9334,0
9335,10
9336,24
9337,2
9338,9
9339,11
9340,11
9341,42
9342,72
9343,8
9344,7
9345,36
9346,6
9347,3
9348,21
9349,4
9350,10
9351,12
9352,6
9353,6
9354,14
9355,6
9356,12
9357,27
9358,10
9359,9
9360,16
9361,7
9362,63
9363,12
9364,12
9365,12
9366,3
9367,8
9368,7
9369,10
9370,40
9371,40
9372,40
9373,32
9374,3
9375,5
9376,16
9377,8
9378,13
9379,7
9380,18
9381,5
9382,8
9383,24
9384,20
9385,17
9386,12
9387,9
9388,11
9389,0
9390,7
9391,1
9392,4
9393,17
9394,0
9395,7
9396,8
9397,7
9398,0
9399,24
9400,9
9401,0
9402,35
9403,13
9404,0
9405,12
9406,24
9407,9
9408,9
9409,8
9410,14
9411,8
9412,6
9413,6
9414,8
9415,12
9416,15
9417,9
9418,1
9419,6
9420,13
9421,6
9422,16
9423,4
9424,24
9425,2
9426,81
9427,9
9428,27
9429,12
9430,28
9431,14
9432,8
9433,0
9434,0
9435,81
9436,15
9437,7
9438,6
9439,11
9440,9
9441,12
9442,6
9443,3
9444,6
9445,0
9446,30
9447,11
9448,14
9449,9
9450,32
9451,0
9452,3
9453,3
9454,48
9455,8
9456,9
9457,0
9458,0
9459,6
9460,13
9461,4
9462,12
9463,28
9464,5
9465,0
9466,12
9467,6
9468,11
9469,11
9470,54
9471,72
9472,8
9473,0
9474,8
9475,5
9476,0
9477,0
9478,8
9479,0
9480,72
9481,0
9482,24
9483,11
9484,6
9485,24
9486,6
9487,0
9488,5
9489,16
9490,4
9491,5
9492,42
9493,9
9494,9
9495,5
9496,5
9497,63
9498,0
9499,11
9500,10
9501,9
9502,6
9503,5
9504,12
9505,12
9506,6
9507,27
9508,9
9509,0
9510,49
9511,21
9512,3
9513,0
9514,30
9515,45
9516,18
9517,81
9518,8
9519,1
9520,9
9521,11
9522,10
9523,0
9524,18
9525,12
9526,9
9527,56
9528,12
9529,0
9530,7
9531,49
9532,9
9533,24
9534,8
9535,24
9536,9
9537,14
9538,0
9539,72
9540,12
9541,10
9542,18
9543,9
9544,56
9545,24
9546,9
9547,0
9548,6
9549,5
9550,0
9551,0
9552,12
9553,11
9554,21
9555,10
9556,16
9557,63
9558,24
9559,9
9560,9
9561,3
9562,11
9563,63
9564,0
9565,16
9566,12
9567,13
9568,7
9569,32
9570,6
9571,10
9572,35
9573,48
9574,1
9575,5
9576,21
9577,13
9578,6
9579,8
9580,8
9581,0
9582,9
9583,9
9584,40
9585,9
9586,49
9587,8
9588,18
9589,6
9590,2
9591,9
9592,28
9593,5
9594,0
9595,6
9596,9
9597,3
9598,10
9599,6
9600,0
9601,21
9602,11
9603,32
9604,11
9605,0
9606,14
9607,6
9608,18
9609,12
9610,3
9611,6
9612,0
9613,0
9614,11
9615,7
9616,0
9617,14
9618,24
9619,12
9620,9
9621,8
9622,8
9623,4
9624,0
9625,49
9626,0
9627,8
9628,9
9629,10
9630,8
9631,27
9632,9
9633,13
9634,12
9635,5
9636,3
9637,24
9638,0
9639,11
9640,0
9641,35
9642,6
9643,13
9644,10
9645,45
9646,6
9647,72
9648,36
9649,0
9650,14
9651,30
9652,13
9653,6
9654,13
9655,3
9656,40
9657,6
9658,5
9659,20
9660,9
9661,7
9662,48
9663,9
9664,10
9665,15
9666,42
9667,6
9668,6
9669,9
9670,12
9671,36
9672,12
9673,25
9674,8
9675,13
9676,12
9677,12
9678,56
9679,9
9680,48
9681,8
9682,10
9683,13
9684,10
9685,0
9686,6
9687,11
9688,0
9689,6
9690,8
9691,14
9692,11
9693,8
9694,6
9695,9
9696,8
9697,6
9698,12
9699,6
9700,6
9701,8
9702,6
9703,2
9704,0
9705,12
9706,72
9707,3
9708,9
9709,36
9710,3
9711,12
9712,0
9713,16
9714,24
9715,24
9716,13
9717,4
9718,7
9719,12
9720,35
9721,11
9722,20
9723,12
9724,21
9725,72
9726,36
9727,5
9728,16
9729,6
9730,8
9731,0
9732,7
9733,27
9734,16
9735,1
9736,3
9737,0
9738,13
9739,14
9740,0
9741,0
9742,10
9743,42
9744,6
9745,13
9746,16
9747,16
9748,16
9749,3
9750,15
9751,12
9752,14
9753,12
9754,15
9755,32
9756,21
9757,4
9758,8
9759,11
9760,4
9761,27
9762,32
9763,9
9764,13
9765,6
9766,6
9767,48
9768,6
9769,6
9770,21
9771,2
9772,12
9773,12
9774,2
9775,6
9776,6
9777,4
9778,9
9779,32
9780,35
9781,11
9782,1
9783,7
9784,0
9785,35
9786,0
9787,0
9788,21
9789,15
9790,1
9791,6
9792,0
9793,24
9794,32
9795,0
9796,49
9797,12
9798,0
9799,24
9800,24
9801,25
9802,10
9803,0
9804,12
9805,4
9806,32
9807,11
9808,8
9809,0
9810,56
9811,0
9812,4
9813,6
9814,24
9815,11
9816,5
9817,0
9818,9
9819,10
9820,12
9821,3
9822,81
9823,1
9824,12
9825,0
9826,0
9827,3
9828,11
9829,6
9830,45
9831,0
9832,11
9833,4
9834,9
9835,13
9836,11
9837,5
9838,8
9839,42
9840,35
9841,7
9842,24
9843,12
9844,4
9845,0
9846,0
9847,12
9848,10
9849,15
9850,10
9851,30
9852,0
9853,5
9854,0
9855,9
9856,9
9857,27
9858,24
9859,8
9860,64
9861,4
9862,4
9863,9
9864,11
9865,9
9866,11
9867,9
9868,12
9869,5
9870,5
9871,0
9872,45
9873,16
9874,9
9875,63
9876,63
9877,10
9878,28
9879,10
9880,13
9881,12
9882,8
9883,2
9884,36
9885,9
9886,56
9887,14
9888,16
9889,6
9890,10
9891,8
9892,0
9893,9
9894,81
9895,16
9896,24
9897,11
9898,42
9899,17
9900,17
9901,6
9902,14
9903,4
9904,12
9905,7
9906,3
9907,16
9908,9
9909,11
9910,11
9911,9
9912,5
9913,5
9914,11
9915,21
9916,24
9917,1
9918,7
9919,4
9920,24
9921,48
9922,4
9923,2
9924,15
9925,21
9926,36
9927,5
9928,21
9929,8
9930,16
9931,12
9932,9
9933,6
9934,0
9935,3
9936,7
9937,15
9938,9
9939,6
9940,0
9941,42
9942,3
9943,7
9944,11
9945,10
9946,14
9947,12
9948,11
9949,0
9950,36
9951,0
9952,16
9953,48
9954,8
9955,12
9956,48
9957,11
9958,0
9959,0
9960,9
9961,9
9962,0
9963,40
9964,8
9965,9
9966,36
9967,12
9968,24
9969,6
9970,25
9971,0
9972,28
9973,18
9974,8
9975,2
9976,10
9977,8
9978,0
9979,6
9980,16
9981,0
9982,7
9983,12
9984,8
9985,11
9986,9
9987,12
9988,9
9989,13
9990,1
9991,18
9992,3
9993,2
9994,48
9995,3
9996,2
9997,13
9998,0
9999,11
10000,10
